,rowid,toi,toipfx,tid,ctoi_alias,pl_pnum,tfopwg_disp,rastr,ra,raerr1,raerr2,decstr,dec,decerr1,decerr2,st_pmra,st_pmraerr1,st_pmraerr2,st_pmralim,st_pmrasymerr,st_pmdec,st_pmdecerr1,st_pmdecerr2,st_pmdeclim,st_pmdecsymerr,pl_tranmid,pl_tranmiderr1,pl_tranmiderr2,pl_tranmidlim,pl_tranmidsymerr,pl_orbper,pl_orbpererr1,pl_orbpererr2,pl_orbperlim,pl_orbpersymerr,pl_trandurh,pl_trandurherr1,pl_trandurherr2,pl_trandurhlim,pl_trandurhsymerr,pl_trandep,pl_trandeperr1,pl_trandeperr2,pl_trandeplim,pl_trandepsymerr,pl_rade,pl_radeerr1,pl_radeerr2,pl_radelim,pl_radesymerr,pl_insol,pl_insolerr1,pl_insolerr2,pl_insollim,pl_insolsymerr,pl_eqt,pl_eqterr1,pl_eqterr2,pl_eqtlim,pl_eqtsymerr,st_tmag,st_tmagerr1,st_tmagerr2,st_tmaglim,st_tmagsymerr,st_dist,st_disterr1,st_disterr2,st_distlim,st_distsymerr,st_teff,st_tefferr1,st_tefferr2,st_tefflim,st_teffsymerr,st_logg,st_loggerr1,st_loggerr2,st_logglim,st_loggsymerr,st_rad,st_raderr1,st_raderr2,st_radlim,st_radsymerr,toi_created,rowupdate,hour_angle_at_19,hour_angle_at_22,alt_at_19,alt_at_22,az_at_19,az_at_22
163,164,1141.01,1141,159510109,159510109.0,1,FP,16h30m08.33s,247.534722,,,+80d18m27.96s,80.307766,,,-18.335,0.054,-0.054,0.0,1.0,66.536,0.067,-0.067,0.0,1.0,2460289.874,4.1e-05,-4.1e-05,0,1,16.9487087,6e-07,-6e-07,0,1,4.2887767,0.0011975,-0.0011975,0,1,156467.548,41.571255,-41.571255,0,1,45.2204505,2.1992197,-2.1992197,0,1,78.263287,,,,,758.5937679,,,,,8.8523,0.006,-0.006,0,1,97.3391,0.2589,-0.2589,0,1,5894.7,90.3,-90.3,0,1,4.37,0.08,-0.08,0,1,1.1179,0.0543668,-0.0543668,0,1,2019/8/27 16:09,2024/5/17 10:08,37.46527800000001,82.46527800000001,42.44256353885156,35.69518521545521,353.45189520375686,350.2397049274919
193,194,1169.01,1169,302518439,302518439.0,1,PC,08h56m28.81s,134.120039,,,+72d31m59.79s,72.533276,,,-5.684,0.035,-0.035,0.0,1.0,7.67,0.039,-0.039,0.0,1.0,2460323.761,0.000657,-0.000657,0,1,6.7075429,3.4e-06,-3.4e-06,0,1,2.125,0.081,-0.081,0,1,11920.0,91.0502,-91.0502,0,1,17.4647,2.59032,-2.59032,0,1,225.822,,,,,1079.0,,,,,10.6405,0.007,-0.007,0,1,259.0,1.6565,-1.6565,0,1,6134.3,420.6,-420.6,0,1,,,,0,1,1.24,0.16,-0.16,0,1,2019/8/27 16:09,2024/5/17 10:08,150.879961,195.879961,19.410689643931235,18.097970750402,352.68267095078164,4.063631584432173
320,321,1268.01,1268,142394656,142394656.0,1,CP,13h13m33.26s,198.388583,,,+62d18m19.37s,62.30538,,,-66.989,0.077,-0.077,0.0,1.0,-15.318,0.065,-0.065,0.0,1.0,2460359.607,0.00028,-0.00028,0,1,8.157721,2.3e-06,-2.3e-06,0,1,3.788,0.046,-0.046,0,1,10273.0,64.4301,-64.4301,0,1,9.31888,0.554542,-0.554542,0,1,91.0972,,,,,860.0,,,,,10.1495,0.006,-0.006,0,1,109.557,0.5425,-0.5425,0,1,5091.2,83.2,-83.2,0,1,4.47,0.08,-0.08,0,1,0.9,0.05,-0.05,0,1,2019/10/17 0:30,2024/5/8 10:08,86.61141699999999,131.611417,32.03036631632791,14.77637434456507,331.82606076646954,342.4920382060028
565,566,1474.01,1474,427654774,427654774.0,1,FP,23h17m09.38s,349.289072,,,+70d11m26.07s,70.190576,,,136.449,0.073,-0.073,0.0,1.0,129.094,0.061,-0.061,0.0,1.0,2458765.042,0.003388,-0.003388,0,1,5.222621,0.0014355,-0.0014355,0,1,4.693629,0.6133603,-0.6133603,0,1,15867.99202,2007.716,-2007.716,0,1,3.7216015,0.3812006,-0.3812006,0,1,2.7908584,,,,,329.6508495,,,,,14.1431,0.008,-0.008,0,1,83.8106,0.3077,-0.3077,0,1,3453.0,157.0,-157.0,0,1,4.95337,0.0086427,-0.0086427,0,1,0.275946,0.0084829,-0.0084829,0,1,2019/12/5 16:42,2021/10/29 12:59,-64.28907199999998,-19.289071999999976,41.30510093685655,53.288538444293316,20.022781090383706,8.87597662806311
611,612,1516.01,1516,376637093,376637093.0,1,CP,22h40m20.31s,340.08462,,,+69d30m13.43s,69.503731,,,16.223,0.041,-0.041,0.0,1.0,-1.325,0.041,-0.041,0.0,1.0,2460449.201,9.5e-05,-9.5e-05,0,1,2.0560153,2e-07,-2e-07,0,1,2.773,0.051,-0.051,0,1,17453.0,61.2207,-61.2207,0,1,17.2767,0.743032,-0.743032,0,1,1899.83,,,,,1839.0,,,,,10.377,0.006,-0.006,0,1,247.054,1.361,-1.361,0,1,6485.0,136.0,-136.0,0,1,4.37,0.09,-0.09,0,1,1.24,0.05,-0.05,0,1,2019/12/5 21:41,2024/8/24 10:08,-55.08461999999997,-10.084619999999973,44.542166270796955,55.05056776533557,19.826131991393943,5.039246203912473
668,669,1567.01,1567,259151170,259151170.0,1,FP,03h21m23.01s,50.345888,,,+52d41m31.6s,52.692112,,,121.807,0.069,-0.069,0.0,1.0,-92.923,0.055,-0.055,0.0,1.0,2458808.522,,,0,1,,,,0,1,4.149,0.042,-0.042,0,1,54500.0,1.19002,-1.19002,0,1,21.0557,1.45218,-1.45218,0,1,,,,,,,,,,,10.374,0.006,-0.006,0,1,86.1112,0.24515,-0.24515,0,1,4503.5,105.7,-105.7,0,1,4.42,0.09,-0.09,0,1,0.86,0.06,-0.06,0,1,2019/12/19 20:58,2023/8/10 12:03,234.654112,279.654112,9.72934129447439,32.648089836314554,25.405376498005985,39.52421261466567
685,686,1582.01,1582,374400599,374400599.0,1,FP,02h18m47.49s,34.69789,,,+64d21m22.98s,64.356382,,,-4.588,0.033,-0.033,0.0,1.0,-2.918,0.051,-0.051,0.0,1.0,2458791.815,0.00212,-0.00212,0,1,1.89253,0.00027,-0.00027,0,1,3.451,0.089,-0.089,0,1,14119.9,942.243,-942.243,0,1,26.7733,6.95592,-6.95592,0,1,28527.4,,,,,3620.0,,,,,10.0188,0.006,-0.006,0,1,386.181,4.9215,-4.9215,0,1,6904.3,96.1,-96.1,0,1,4.05,0.08,-0.08,0,1,2.05,0.06,-0.06,0,1,2019/12/19 20:58,2021/10/29 12:59,250.30211,295.30210999999997,23.427666133050135,41.958632646705425,22.095613534768642,26.876481907146434
692,693,1589.01,1589,52041724,52041724.01,1,FP,00h56m28.68s,14.119486,,,+65d40m44.54s,65.679038,,,-0.493,0.127,-0.127,0.0,1.0,11.141,0.124,-0.124,0.0,1.0,2458942.422,0.002646,-0.002646,0,1,35.4028219,0.0013918,-0.0013918,0,1,4.221,1.379,-1.379,0,1,12666.0,2736.61,-2736.61,0,1,21.7639,2.59877,-2.59877,0,1,57.342,,,,,766.0,,,,,9.87542,0.006,-0.006,0,1,278.829,7.176,-7.176,0,1,7455.0,409.9,-409.9,0,1,4.17,0.1,-0.1,0,1,1.78,0.08,-0.08,0,1,2019/12/19 20:58,2024/8/6 10:08,270.880514,315.880514,31.860805004703703,49.89494334087461,24.423411482908097,22.15258576746408
721,722,1615.01,1615,317507345,317507345.0,1,FP,23h24m41.93s,351.174718,,,+77d37m37.61s,77.627113,,,12.588,0.054,-0.054,0.0,1.0,2.736,0.047,-0.047,0.0,1.0,2460473.279,0.000144,-0.000144,0,1,3.9401791,8e-07,-8e-07,0,1,1.991,0.148,-0.148,0,1,13317.0,5183.76,-5183.76,0,1,25.3897,2.96422,-2.96422,0,1,1090.26,,,,,1600.0,,,,,9.68708,0.006,-0.006,0,1,260.494,2.111,-2.111,0,1,7170.0,213.8,-213.8,0,1,4.31,0.08,-0.08,0,1,1.51,0.05,-0.05,0,1,2019/12/19 20:58,2024/8/16 10:08,-66.17471799999998,-21.174717999999984,39.135496473719954,46.379577794564945,12.07631519150587,5.28400496391587
740,741,1632.01,1632,51024887,51024887.01,1,FP,02h48m37.25s,42.155188,,,+62d11m21.34s,62.18926,,,112.945,0.128,-0.128,0.0,1.0,-104.348,0.161,-0.161,0.0,1.0,2458797.345,0.004051,-0.004051,0,1,8.2491871,0.0031995,-0.0031995,0,1,4.9807847,0.3442086,-0.3442086,0,1,117724.0283,11101.498,-11101.498,0,1,8.0476984,35.753082,-35.753082,0,1,1.1552603,,,,,264.4172054,,,,,14.9885,0.011,-0.011,0,1,41.5305,0.15765,-0.15765,0,1,2990.0,158.0,-158.0,0,1,5.13581,0.0381304,-0.0381304,0,1,0.165066,0.0050239,-0.0050239,0,1,2020/1/14 19:46,2021/10/29 12:59,242.844812,287.844812,19.444770921896655,38.64102682106376,21.882077609058047,29.51787613138683
761,762,1651.01,1651,138168780,138168780.0,1,KP,06h19m10.31s,94.792955,,,+73d49m39.24s,73.827567,,,-16.643,0.055,-0.055,0.0,1.0,-22.593,0.111,-0.111,0.0,1.0,2460474.182,0.000102,-0.000102,0,1,3.7649949,4e-07,-4e-07,0,1,2.642,0.017,-0.017,0,1,14735.0,72.808,-72.808,0,1,17.8182,0.731822,-0.731822,0,1,580.386,,,,,1367.0,,,,,9.88278,0.006,-0.006,0,1,235.479,2.418,-2.418,0,1,6724.0,164.0,-164.0,0,1,4.29,0.09,-0.09,0,1,1.42,0.06,-0.06,0,1,2020/1/29 22:18,2024/8/29 10:08,190.207045,235.207045,19.04629251313917,24.878103324694983,2.4525273932219385,12.047753587763745
814,815,1696.01,1696,470381900,470381900.0,1,CP,04h21m07.36s,65.280648,,,+48d49m11.39s,48.819831,,,12.93,0.127,-0.127,0.0,1.0,-19.178,0.078,-0.078,0.0,1.0,2459911.832,0.00212,-0.00212,0,1,2.5005291,0.0003706,-0.0003706,0,1,0.8809865,0.3441977,-0.3441977,0,1,12579.35048,1583.843,-1583.843,0,1,3.1713853,1.1981618,-1.1981618,0,1,13.8080731,,,,,491.6465759,,,,,13.9664,0.007,-0.007,0,1,64.9172,0.35625,-0.35625,0,1,3181.0,157.0,-157.0,0,1,4.94798,0.0080613,-0.0080613,0,1,0.280475,0.0085728,-0.0085728,0,1,2020/1/30 21:16,2023/3/6 16:02,219.71935200000001,264.719352,0.9646932651531567,22.46129270593071,20.80650354948887,39.50969793500257
928,929,1780.01,1780,99834717,99834717.01,1,KP,11h00m40.13s,165.167198,,,+64d57m49.84s,64.963845,,,-22.389,0.044,-0.044,0.0,1.0,-32.425,0.046,-0.046,0.0,1.0,2459632.745,0.000366,-0.000366,0,1,1.7063264,1.1e-06,-1.1e-06,0,1,1.359,0.056,-0.056,0,1,10980.0,1.80935,-1.80935,0,1,10.1999,0.689338,-0.689338,0,1,235.772,,,,,1091.0,,,,,12.212,0.007,-0.007,0,1,262.706,2.595,-2.595,0,1,4974.0,130.639,-130.639,0,1,4.44059,0.0931488,-0.0931488,0,1,0.9,0.06,-0.06,0,1,2020/3/12 15:35,2022/6/30 10:10,119.83280199999999,164.832802,20.318106411143926,10.66707950585611,340.78746164633566,354.693335895666
968,969,1810.01,1810,373693175,373693175.0,1,KP,12h33m03.89s,188.266205,,,+44d54m55.32s,44.915367,,,-11.641,0.028,-0.028,0.0,1.0,8.065,0.034,-0.034,0.0,1.0,2459662.702,0.000185,-0.000185,0,1,1.3273482,6e-07,-6e-07,0,1,2.083,0.065,-0.065,0,1,18850.0,0.448136,-0.448136,0,1,15.4709,0.750927,-0.750927,0,1,1378.13,,,,,1697.0,,,,,11.6281,0.006,-0.006,0,1,294.419,2.252,-2.252,0,1,5555.05,115.611,-115.611,0,1,4.36832,0.075107,-0.075107,0,1,1.07,0.05,-0.05,0,1,2020/4/15 12:38,2022/7/14 10:10,96.73379499999999,141.733795,19.691875000007855,-2.892780597586461,317.37789442506534,338.1797176137856
1049,1050,1877.01,1877,233497719,233497719.0,1,APC,16h38m04.8s,249.519983,,,+77d45m23.04s,77.756401,,,-4.924,0.023,-0.023,0.0,1.0,39.626,0.03,-0.03,0.0,1.0,2459766.146,0.000343,-0.000343,0,1,3.801591,1.9e-06,-1.9e-06,0,1,2.752,0.04,-0.04,0,1,18950.0,0.984908,-0.984908,0,1,14.4297,0.657427,-0.657427,0,1,395.697,,,,,1242.0,,,,,12.8746,0.008,-0.008,0,1,565.519,4.5015,-4.5015,0,1,6051.0,127.3,-127.3,0,1,4.48,0.08,-0.08,0,1,1.01,0.05,-0.05,0,1,2020/5/29 16:35,2022/10/5 10:10,35.480017000000004,80.480017,44.58693492300206,36.10462295896316,351.82039905351826,347.6181181074196
1071,1072,1897.01,1897,420645189,420645189.0,1,FP,03h13m28.9s,48.370422,,,+75d16m06.16s,75.268379,,,48.29,0.042,-0.042,0.0,1.0,14.617,0.056,-0.056,0.0,1.0,2459001.0,0.000253,-0.000253,0,1,48.5340395,0.0003159,-0.0003159,0,1,6.661,0.033,-0.033,0,1,62170.0,0.995212,-0.995212,0,1,26.827,1.24227,-1.24227,0,1,0.0730269,,,,,144.0,,,,,10.1374,0.006,-0.006,0,1,158.493,0.8355,-0.8355,0,1,5937.0,142.24,-142.24,0,1,4.44855,0.0775541,-0.0775541,0,1,1.03,0.05,-0.05,0,1,2020/5/29 16:46,2024/9/18 10:08,236.629578,281.629578,26.11308537075843,36.63478482238816,11.276492360850236,14.974050113684633
1226,1227,2031.01,2031,470127886,470127886.0,1,PC,22h04m28.27s,331.117808,,,+81d33m57.42s,81.565951,,,25.719,0.035,-0.035,0.0,1.0,2.507,0.034,-0.034,0.0,1.0,2459886.046,0.000426,-0.000426,0,1,5.7156075,0.0001693,-0.0001693,0,1,4.0584797,0.0320224,-0.0320224,0,1,12240.92988,90.70415,-90.70415,0,1,13.6015651,0.5721648,-0.5721648,0,1,503.1185454,,,,,1207.917661,,,,,10.7609,0.036,-0.036,0,1,276.105,1.5315,-1.5315,0,1,6664.0,265.1,-265.1,0,1,4.44,0.09,-0.09,0,1,1.18444,0.0492463,-0.0492463,0,1,2020/6/19 7:20,2023/2/21 16:02,-46.117808000000025,-1.117808000000025,40.59106362940936,43.43224501067286,6.56918655883587,0.1849272848774781
1236,1237,2040.01,2040,427730490,427730490.0,1,PC,23h29m05.94s,352.27473,,,+71d30m23.31s,71.506474,,,44.853,0.042,-0.042,0.0,1.0,25.368,0.041,-0.041,0.0,1.0,2459740.365,0.00026,-0.00026,0,1,3.8608551,1.3e-06,-1.3e-06,0,1,2.571,0.03,-0.03,0,1,14670.0,0.625001,-0.625001,0,1,11.2224,0.679003,-0.679003,0,1,163.361,,,,,995.0,,,,,10.8407,0.006,-0.006,0,1,144.717,0.492,-0.492,0,1,5019.0,166.0,-166.0,0,1,4.43,0.09,-0.09,0,1,0.92,0.06,-0.06,0,1,2020/6/19 7:20,2022/12/12 16:02,-67.27472999999998,-22.274729999999977,40.11572139323159,51.66523111260301,18.73652776387839,9.194060216376357
1242,1243,2046.01,2046,468574941,468574941.0,1,CP,01h04m44.39s,16.184942,,,+74d19m52.7s,74.331306,,,6.293,0.04,-0.04,0.0,1.0,-9.958,0.041,-0.041,0.0,1.0,2459882.348,0.000196,-0.000196,0,1,1.4971447,1.81e-05,-1.81e-05,0,1,2.4024159,0.0149419,-0.0149419,0,1,16266.2492,71.29483,-71.29483,0,1,16.2528494,0.7567245,-0.7567245,0,1,2643.654975,,,,,1828.819919,,,,,10.996,0.006,-0.006,0,1,289.668,2.208,-2.208,0,1,6081.0,137.7,-137.7,0,1,4.31,0.08,-0.08,0,1,1.2431901,0.0575628,-0.0575628,0,1,2020/6/19 7:20,2023/2/21 16:02,268.815058,313.815058,33.20847719019148,44.86414800266661,15.60523132568615,13.184085455855657
1243,1244,2047.01,2047,363761216,363761216.0,1,FP,00h23m28.12s,5.867146,,,+71d09m31.71s,71.158807,,,-6.964,0.085,-0.085,0.0,1.0,-1.662,0.072,-0.072,0.0,1.0,2460444.428,0.00032,-0.00032,0,1,7.4072589,2.5e-06,-2.5e-06,0,1,2.454,0.021,-0.021,0,1,14866.0,114.666,-114.666,0,1,14.4456,0.734302,-0.734302,0,1,75.7231,,,,,821.0,,,,,10.4708,0.006,-0.006,0,1,196.538,1.9575,-1.9575,0,1,5887.0,183.3,-183.3,0,1,4.35,0.08,-0.08,0,1,1.14,0.06,-0.06,0,1,2020/6/19 7:20,2024/8/6 10:08,279.132854,324.132854,35.791116004116745,49.21987404964957,19.299486909079295,13.924893975151576
1379,1380,2154.01,2154,428787891,428787891.0,1,CP,04h44m06.76s,71.028148,,,+84d21m51.35s,84.364265,,,-10.783,0.036,-0.036,0.0,1.0,15.218,0.043,-0.043,0.0,1.0,2459768.103,0.000245,-0.000245,0,1,3.8240826,2.6e-06,-2.6e-06,0,1,2.5172521,0.0150334,-0.0150334,0,1,10096.10986,71.32192,-71.32192,0,1,16.0547024,0.7449469,-0.7449469,0,1,1005.894626,,,,,1436.342039,,,,,10.6611,0.009,-0.009,0,1,296.46,2.1585,-2.1585,0,1,6243.0,133.5,-133.5,0,1,4.24,0.08,-0.08,0,1,1.38719,0.0639749,-0.0639749,0,1,2020/8/10 17:26,2023/6/13 16:02,213.971852,258.971852,30.271032345778618,33.73935856290808,2.985429446203609,5.460582325491682
1867,1868,2574.01,2574,159332859,159332859.0,1,PC,15h31m14.29s,232.809527,,,+79d16m02.02s,79.267227,,,-0.462,0.027,-0.027,0.0,1.0,5.111,0.028,-0.028,0.0,1.0,2459760.399,0.000369,-0.000369,0,1,4.4817684,2.5e-06,-2.5e-06,0,1,2.186,0.066,-0.066,0,1,21180.0,1.00645,-1.00645,0,1,19.0204,0.867642,-0.867642,0,1,277.661,,,,,1137.0,,,,,12.881,0.007,-0.007,0,1,834.038,9.0895,-9.0895,0,1,6734.0,131.5,-131.5,0,1,4.41,0.09,-0.09,0,1,1.25,0.06,-0.06,0,1,2021/3/18 22:24,2022/10/5 10:10,52.190473,97.190473,41.07613310691846,32.98696189918572,350.7414578230613,349.5198452928102
1871,1872,2578.01,2578,104986789,104986789.0,1,PC,04h32m12.5s,68.052102,,,+52d15m09.56s,52.252655,,,4.401,0.064,-0.064,0.0,1.0,-33.767,0.043,-0.043,0.0,1.0,2459911.48,0.000644,-0.000644,0,1,3.4580018,0.0001485,-0.0001485,0,1,2.6231719,0.0304778,-0.0304778,0,1,10218.25584,154.09003,-154.09003,0,1,14.7324849,0.8543144,-0.8543144,0,1,1028.485592,,,,,1444.339547,,,,,10.5863,0.006,-0.006,0,1,285.53,3.476,-3.476,0,1,6427.8,105.1,-105.1,0,1,4.35,0.09,-0.09,0,1,1.2663,0.0721458,-0.0721458,0,1,2021/3/18 22:24,2023/3/6 16:02,216.947898,261.947898,3.0250146923134857,22.53790989098702,17.988403494657657,35.46889082981843
1872,1873,2579.01,2579,103751498,103751498.0,1,KP,10h29m38.96s,157.412341,,,+70d31m37.5s,70.527083,,,-46.527,0.05,-0.05,0.0,1.0,-9.597,0.047,-0.047,0.0,1.0,2459600.117,0.000219,-0.000219,0,1,3.7146478,1.5e-06,-1.5e-06,0,1,3.835,0.024,-0.024,0,1,12620.0,0.126216,-0.126216,0,1,15.2308,0.759299,-0.759299,0,1,698.148,,,,,1432.0,,,,,10.9101,0.007,-0.007,0,1,281.498,2.5655,-2.5655,0,1,5783.0,125.2,-125.2,0,1,4.21,0.07,-0.07,0,1,1.32,0.07,-0.07,0,1,2021/3/18 22:24,2022/6/28 16:02,127.587659,172.587659,21.974845054993086,15.662827366833145,346.3187433937154,357.9025281651261
3075,3076,3661.01,3661,370123525,370123525.0,1,PC,01h27m10.13s,21.792202,,,+58d57m38.3s,58.96064,,,4.088,4.072,-4.072,0.0,1.0,-9.506,4.072,-4.072,0.0,1.0,2459906.756,0.001748,-0.001748,0,1,2.6480838,7.1e-06,-7.1e-06,0,1,3.42,0.779,-0.779,0,1,11090.0,647.138,-647.138,0,1,,,,0,1,714.2873204,,,,,1318.523835,,,,,12.8309,0.007,-0.007,0,1,,,,0,1,,,,0,1,,,,0,1,,,,0,1,2021/6/23 15:17,2024/9/8 10:08,263.207798,308.207798,26.199237458026168,48.82431804948695,29.648758214363916,32.60158649002462
3078,3079,3664.01,3664,348437470,348437470.0,1,PC,02h21m14.04s,35.308494,,,+59d42m42.69s,59.711857,,,-7.624,0.045,-0.045,0.0,1.0,8.731,0.04,-0.04,0.0,1.0,2459906.71,0.001543,-0.001543,0,1,3.2975093,9.4e-06,-9.4e-06,0,1,2.511,0.265,-0.265,0,1,13404.0,623.99,-623.99,0,1,12.8987,0.778444,-0.778444,0,1,349.544,,,,,1204.0,,,,,12.91,0.006,-0.006,0,1,464.748,4.821,-4.821,0,1,5556.0,213.2,-213.2,0,1,4.29,0.09,-0.09,0,1,1.18,0.06,-0.06,0,1,2021/6/23 15:17,2024/9/4 12:02,249.691506,294.691506,20.603162538071185,41.90246174922891,25.626091632659275,32.61982937711336
3092,3093,3677.01,3677,458876004,458876004.0,1,FP,02h23m21.09s,35.837872,,,+60d53m23.87s,60.889963,,,7.889,0.031,-0.031,0.0,1.0,-2.851,0.05,-0.05,0.0,1.0,2458814.425,0.000781,-0.000781,0,1,3.6923071,0.000229,-0.000229,0,1,1.139,0.191,-0.191,0,1,14130.0,15.647,-15.647,0,1,14.2002,1.08284,-1.08284,0,1,375.352,,,,,1226.0,,,,,11.9814,0.006,-0.006,0,1,369.583,4.4955,-4.4955,0,1,8469.0,780.2,-780.2,0,1,4.68,0.12,-0.12,0,1,1.1,0.08,-0.08,0,1,2021/6/23 15:17,2024/9/2 12:03,249.162128,294.162128,21.061332995510046,41.62432218191099,24.561143970467562,31.153557785328907
3102,3103,3686.01,3686,13533330,13533330.01,1,PC,02h27m36.14s,36.900563,,,+59d57m09.8s,59.952721,,,-13.858,0.063,-0.063,0.0,1.0,-3.451,0.073,-0.073,0.0,1.0,2459884.347,0.000556,-0.000556,0,1,5.0778064,0.0001727,-0.0001727,0,1,3.6413963,0.0444983,-0.0444983,0,1,14469.3182,169.63617,-169.63617,0,1,14.9343184,0.9164556,-0.9164556,0,1,340.2177584,,,,,1095.365339,,,,,11.2381,0.006,-0.006,0,1,255.803,2.09,-2.09,0,1,5262.0,159.8,-159.8,0,1,4.2,0.09,-0.09,0,1,1.24347,0.0743216,-0.0743216,0,1,2021/6/23 15:17,2024/9/10 10:08,248.099437,293.099437,20.090627057047428,41.102849878025715,24.997941489939745,32.31736875618136
3116,3117,3699.01,3699,266401846,266401846.0,1,PC,04h03m44.98s,60.937413,,,+50d14m10.34s,50.236205,,,2.378,0.046,-0.046,0.0,1.0,-3.838,0.036,-0.036,0.0,1.0,2459912.279,0.001858,-0.001858,0,1,3.0423931,0.000383,-0.000383,0,1,2.7491505,0.1361716,-0.1361716,0,1,10703.72462,467.70886,-467.70886,0,1,18.1780385,1.0154984,-1.0154984,0,1,2668.918327,,,,,1833.1735,,,,,12.7775,0.027,-0.027,0,1,770.947,15.8075,-15.8075,0,1,7046.0,223.5,-223.5,0,1,4.19,0.09,-0.09,0,1,1.65768,0.0732965,-0.0732965,0,1,2021/6/23 15:18,2024/9/10 10:08,224.062587,269.062587,3.692483614382303,25.61547544768064,22.190555084241076,39.49301004043684
3119,3120,3701.01,3701,266213232,266213232.0,1,PC,04h01m27.1s,60.362935,,,+49d15m54.9s,49.265249,,,1.666,0.049,-0.049,0.0,1.0,-10.599,0.041,-0.041,0.0,1.0,2459911.333,0.002419,-0.002419,0,1,4.2605739,0.0007174,-0.0007174,0,1,2.5821706,0.1712993,-0.1712993,0,1,20069.26663,1051.8398,-1051.8398,0,1,15.3220568,0.9476163,-0.9476163,0,1,359.3500241,,,,,1110.450411,,,,,13.4313,0.029,-0.029,0,1,514.526,7.0715,-7.0715,0,1,5457.0,122.0,-122.0,0,1,4.35,,,0,1,1.0759,,,0,1,2021/6/23 15:18,2024/9/10 10:08,224.637065,269.637065,3.1100792071595516,25.545965392065746,22.948119834481837,40.626203970246756
3126,3127,3708.01,3708,251652214,251652214.0,1,PC,03h04m37.31s,46.155455,,,+59d21m24.93s,59.356926,,,22.477,0.042,-0.042,0.0,1.0,-6.954,0.074,-0.074,0.0,1.0,2459902.982,0.000932,-0.000932,0,1,7.27299,8.8e-06,-8.8e-06,0,1,4.323,0.15,-0.15,0,1,13820.0,269.422,-269.422,0,1,13.3662,0.77572,-0.77572,0,1,178.298,,,,,1018.0,,,,,11.9786,0.006,-0.006,0,1,313.908,3.178,-3.178,0,1,5400.0,277.5,-277.5,0,1,4.3,0.09,-0.09,0,1,1.13,0.06,-0.06,0,1,2021/6/23 15:18,2024/8/22 10:08,238.84454499999998,283.844545,16.109669125260613,36.39776905332388,22.655269960028164,32.56186539161891
3127,3128,3709.01,3709,356322454,356322454.0,1,PC,04h31m10.88s,67.795335,,,+59d09m34.43s,59.159564,,,2.89,2.197,-2.197,0.0,1.0,-5.533,2.197,-2.197,0.0,1.0,2460288.729,0.003501,-0.003501,0,1,3.2509846,0.0006395,-0.0006395,0,1,2.2931885,0.1404641,-0.1404641,0,1,10852.36921,711.3822,-711.3822,0,1,,,,0,1,,,,,,,,,,,13.3033,0.009,-0.009,0,1,,,,0,1,,,,0,1,,,,0,1,,,,0,1,2021/6/23 15:18,2024/9/8 10:08,217.204665,262.204665,9.090811193912693,25.817978739084545,15.154563959788987,29.240719643340285
3142,3143,3722.01,3722,346015394,346015394.0,1,PC,03h21m17.96s,50.324844,,,+63d43m57.08s,63.732522,,,,,,,,,,,,,2459910.394,0.001115,-0.001115,0,1,1.0788649,7.4e-05,-7.4e-05,0,1,1.9801943,0.0785007,-0.0785007,0,1,32197.09162,864.46094,-864.46094,0,1,18.4561494,0.5065747,-0.5065747,0,1,2357.218975,,,,,1777.132183,,,,,13.186,0.018,-0.018,0,1,783.568,,,0,1,4920.0,66.1,-66.1,0,1,,,,0,1,1.31,0.03,-0.03,0,1,2021/6/23 15:18,2024/9/7 10:08,234.67515600000002,279.675156,17.74198708375303,35.118854428244155,18.551896092677804,27.31644334699291
3156,3157,3735.01,3735,317252733,317252733.0,1,PC,03h42m21.63s,55.590143,,,+58d17m43.2s,58.295332,,,-7.014,0.039,-0.039,0.0,1.0,-10.691,0.041,-0.041,0.0,1.0,2459912.078,0.000768,-0.000768,0,1,3.3526843,0.0001661,-0.0001661,0,1,3.9579058,0.0501667,-0.0501667,0,1,11429.07389,160.2925,-160.2925,0,1,11.1102207,1.1268069,-1.1268069,0,1,643.2144362,,,,,1284.424838,,,,,11.3032,0.006,-0.006,0,1,278.597,2.086,-2.086,0,1,6245.0,106.5,-106.5,0,1,4.51,0.11,-0.11,0,1,1.0157599,0.102229,-0.102229,0,1,2021/6/23 15:18,2024/9/23 12:03,229.409857,274.409857,11.99813859241133,31.404849531795758,20.106094675813516,32.50058014139348
3173,3174,3750.01,3750,468777766,468777766.0,1,PC,05h05m41.71s,76.423773,,,+67d49m13.14s,67.820318,,,8.267,0.023,-0.023,0.0,1.0,-20.118,0.034,-0.034,0.0,1.0,2458826.426,0.001625,-0.001625,0,1,12.4844641,0.0014759,-0.0014759,0,1,2.827,0.499,-0.499,0,1,17130.0,21.3373,-21.3373,0,1,8.49489,0.407563,-0.407563,0,1,7.652,,,,,463.0,,,,,12.9865,0.007,-0.007,0,1,156.504,0.568,-0.568,0,1,3815.0,157.0,-157.0,0,1,4.63,0.01,-0.01,0,1,0.63,0.02,-0.02,0,1,2021/6/23 15:18,2024/8/22 10:08,208.57622700000002,253.57622700000002,15.044278751772682,26.340194667610454,8.8620724342687,19.892142243552385
3181,3182,3758.01,3758,280254984,280254984.0,1,PC,02h45m17.67s,41.323613,,,+69d06m22.53s,69.106259,,,0.371,0.02,-0.02,0.0,1.0,-6.774,0.027,-0.027,0.0,1.0,2459736.687,0.00171,-0.00171,0,1,3.4177514,7.1e-06,-7.1e-06,0,1,3.415,0.155,-0.155,0,1,10160.0,2.47595,-2.47595,0,1,15.3577,0.790461,-0.790461,0,1,734.21,,,,,1450.0,,,,,12.5489,0.015,-0.015,0,1,477.787,4.2165,-4.2165,0,1,5868.0,158.2,-158.2,0,1,4.1,0.08,-0.08,0,1,1.52,0.07,-0.07,0,1,2021/6/23 15:18,2024/8/22 10:08,243.676387,288.676387,23.973476314723765,39.006573712036484,17.00862285458171,21.578187499664587
3185,3186,3761.01,3761,275703182,275703182.0,1,PC,03h14m40.79s,48.669955,,,+66d55m14.79s,66.920775,,,17.163,0.018,-0.018,0.0,1.0,-26.454,0.027,-0.027,0.0,1.0,2458812.228,0.001031,-0.001031,0,1,25.8944827,0.0005207,-0.0005207,0,1,2.136,0.162,-0.162,0,1,27610.0,1634.3,-1634.3,0,1,17.6301,3.59975,-3.59975,0,1,2.69966,,,,,357.0,,,,,12.8508,0.006,-0.006,0,1,215.482,0.7835,-0.7835,0,1,4375.0,121.1,-121.1,0,1,4.53,0.1,-0.1,0,1,0.74,0.06,-0.06,0,1,2021/6/23 15:18,2024/8/22 10:08,236.33004499999998,281.330045,20.465494722834855,36.21060217844313,16.9245583180334,23.932545133245412
3189,3190,3765.01,3765,432078760,432078760.0,1,PC,03h50m02.83s,57.511805,,,+46d40m51.75s,46.681042,,,0.96,0.07,-0.07,0.0,1.0,-0.742,0.05,-0.05,0.0,1.0,2459913.048,0.000802,-0.000802,0,1,3.1479532,0.0001924,-0.0001924,0,1,3.3502554,0.0579899,-0.0579899,0,1,10550.59088,179.83112,-179.83112,0,1,17.745577,0.7244649,-0.7244649,0,1,2765.48372,,,,,1849.53488,,,,,11.7734,0.025,-0.025,0,1,620.461,12.775,-12.775,0,1,7298.0,220.4,-220.4,0,1,4.23,0.08,-0.08,0,1,1.63943,0.0635301,-0.0635301,0,1,2021/6/23 15:18,2024/9/10 10:08,227.488195,272.488195,2.1516775237748123,26.212459605116116,25.671221905264858,44.12430043605337
3191,3192,3767.01,3767,274545328,274545328.0,1,PC,04h37m57.15s,69.488129,,,+52d42m58.43s,52.71623,,,1.887,0.047,-0.047,0.0,1.0,-3.2,0.037,-0.037,0.0,1.0,2460287.763,0.003825,-0.003825,0,1,2.3907751,0.0005889,-0.0005889,0,1,4.1827898,0.2536177,-0.2536177,0,1,10809.34256,1078.2849,-1078.2849,0,1,21.8606641,1.8332431,-1.8332431,0,1,2835.627501,,,,,1861.152862,,,,,13.4784,0.043,-0.043,0,1,760.803,23.4885,-23.4885,0,1,5382.0,123.0,-123.0,0,1,3.76,,,0,1,2.0989001,,,0,1,2021/6/23 15:18,2024/9/7 10:08,215.51187099999999,260.511871,3.006490155362772,21.997496262761587,17.14041227319764,34.616267468521045
3206,3207,3780.01,3780,468832904,468832904.0,1,PC,06h10m26.33s,92.609716,,,+71d24m43.68s,71.412134,,,-1.718,0.023,-0.023,0.0,1.0,-1.962,0.03,-0.03,0.0,1.0,2459391.613,0.000241,-0.000241,0,1,1.4005308,1.4e-06,-1.4e-06,0,1,2.1755276,0.0323507,-0.0323507,0,1,21518.39691,250.57712,-250.57712,0,1,15.9952422,0.1790155,-0.1790155,0,1,1816.673837,,,,,1665.094898,,,,,13.4718,0.009,-0.009,0,1,610.587,7.5935,-7.5935,0,1,5765.0,122.0,-122.0,0,1,4.4,,,0,1,1.06059,,,0,1,2021/6/23 15:20,2024/9/8 10:08,192.390284,237.390284,16.775729481388925,23.762081045804326,3.3575191138421467,14.110929968725092
3232,3233,3804.01,3804,312991501,312991501.0,1,PC,08h58m37.28s,134.655352,,,+74d27m33.06s,74.459183,,,-4.858,0.038,-0.038,0.0,1.0,-1.266,0.042,-0.042,0.0,1.0,2460313.036,0.001033,-0.001033,0,1,3.2905683,1.9e-05,-1.9e-05,0,1,2.7899266,0.0795348,-0.0795348,0,1,18079.62264,425.41132,-425.41132,0,1,14.6087971,0.3460885,-0.3460885,0,1,560.3316578,,,,,1240.883585,,,,,13.1225,0.007,-0.007,0,1,601.602,9.9105,-9.9105,0,1,5689.0,122.0,-122.0,0,1,4.39,,,0,1,1.06203,,,0,1,2021/6/23 15:20,2024/9/10 10:08,150.344648,195.344648,21.21583092926282,19.935316066480734,353.28823790322855,3.5452773215431503
3278,3279,3846.01,3846,149918151,149918151.0,1,KP,10h42m59.54s,160.748095,,,+60d57m50.83s,60.964119,,,-23.741,0.024,-0.024,0.0,1.0,-21.274,0.031,-0.031,0.0,1.0,2459632.943,0.000261,-0.000261,0,1,1.540776,7e-07,-7e-07,0,1,1.705,0.026,-0.026,0,1,27310.0,1.09942,-1.09942,0,1,13.3674,1.1963,-1.1963,0,1,210.669,,,,,1061.0,,,,,12.9178,0.006,-0.006,0,1,213.771,0.837,-0.837,0,1,4234.0,120.1,-120.1,0,1,4.49,0.1,-0.1,0,1,0.77,0.07,-0.07,0,1,2021/6/23 15:20,2024/8/22 10:08,124.251905,169.251905,16.123895461636405,6.3660785593555085,339.36931584415555,355.7155815377939
3280,3281,3848.01,3848,147994863,147994863.0,1,PC,11h22m45.52s,170.68965,,,+70d49m56.19s,70.832276,,,-16.029,0.029,-0.029,0.0,1.0,1.668,0.029,-0.029,0.0,1.0,2459592.008,0.002327,-0.002327,0,1,15.9544918,6.84e-05,-6.84e-05,0,1,3.742,0.41,-0.41,0,1,12480.0,12.2575,-12.2575,0,1,9.88117,,,0,1,19.3942,,,,,584.0,,,,,13.3104,0.007,-0.007,0,1,362.075,2.3445,-2.3445,0,1,4798.0,122.0,-122.0,0,1,4.51,,,0,1,0.82,,,0,1,2021/6/23 15:20,2024/8/22 10:08,114.31035,159.31035,25.53451188489267,16.86800141453554,343.9372102881048,354.2875066211203
3281,3282,3849.01,3849,147890655,147890655.0,1,PC,09h28m20.87s,142.086945,,,+66d57m00.56s,66.950156,,,-0.126,0.023,-0.023,0.0,1.0,-26.746,0.036,-0.036,0.0,1.0,2459938.035,0.000731,-0.000731,0,1,1.2220437,9e-07,-9e-07,0,1,1.871,0.063,-0.063,0,1,20110.0,1.29855,-1.29855,0,1,14.8723,,,0,1,973.648,,,,,1556.0,,,,,13.2705,0.007,-0.007,0,1,489.128,4.6715,-4.6715,0,1,5196.0,122.0,-122.0,0,1,4.38,,,0,1,1.0,,,0,1,2021/6/23 15:20,2024/8/22 10:08,142.913055,187.913055,15.779520981066902,12.129066797463802,348.28761210691874,2.589787065211879
3283,3284,3850.01,3850,143008050,143008050.0,1,PC,12h10m50.27s,182.709445,,,+66d57m07.77s,66.952158,,,-10.237,0.035,-0.035,0.0,1.0,-0.643,0.032,-0.032,0.0,1.0,2459614.178,0.001783,-0.001783,0,1,14.4832964,5.41e-05,-5.41e-05,0,1,4.696,0.355,-0.355,0,1,10870.0,209.713,-209.713,0,1,13.2087,1.72858,-1.72858,0,1,232.655,,,,,1088.0,,,,,12.4645,0.006,-0.006,0,1,474.448,5.3275,-5.3275,0,1,6039.0,125.5,-125.5,0,1,4.47,0.08,-0.08,0,1,1.02,0.05,-0.05,0,1,2021/6/23 15:20,2024/8/22 10:08,102.29055500000001,147.290555,27.35651701897565,14.948490178601013,338.6485363165277,349.58363100981506
3285,3286,3852.01,3852,142635225,142635225.0,1,PC,11h27m09.53s,171.789723,,,+74d27m55.26s,74.465349,,,-23.455,0.033,-0.033,0.0,1.0,-7.196,0.027,-0.027,0.0,1.0,2459945.477,0.00144,-0.00144,0,1,16.1020097,3.23e-05,-3.23e-05,0,1,3.871,0.133,-0.133,0,1,22600.0,5.39687,-5.39687,0,1,13.9974,,,0,1,42.3341,,,,,710.0,,,,,13.191,0.007,-0.007,0,1,578.344,6.139,-6.139,0,1,6010.0,122.0,-122.0,0,1,4.56,,,0,1,0.92,,,0,1,2021/6/23 15:21,2024/8/22 10:08,113.21027699999999,158.210277,27.78540732805258,20.42074140114568,346.6519012274815,355.00557819044604
3287,3288,3854.01,3854,142562395,142562395.0,1,PC,11h01m05.62s,165.273412,,,+73d04m05.64s,73.068232,,,-3.166,0.035,-0.035,0.0,1.0,-0.709,0.03,-0.03,0.0,1.0,2459940.224,0.002337,-0.002337,0,1,3.2693612,5.2e-06,-5.2e-06,0,1,2.029,0.165,-0.165,0,1,10790.0,5.7045,-5.7045,0,1,9.96136,,,0,1,281.839,,,,,1141.0,,,,,13.2278,0.007,-0.007,0,1,559.867,5.9005,-5.9005,0,1,5814.0,122.0,-122.0,0,1,4.52,,,0,1,0.93,,,0,1,2021/6/23 15:21,2024/8/22 10:08,119.72658799999999,164.726588,25.494123735390087,18.57679861022076,346.55333824671294,356.1945032252128
3294,3295,3860.01,3860,416542079,416542079.0,1,PC,12h34m56.81s,188.736692,,,+49d59m41.49s,49.994859,,,1.853,0.023,-0.023,0.0,1.0,5.327,0.029,-0.029,0.0,1.0,2459661.296,0.001463,-0.001463,0,1,3.0012386,6.7e-06,-6.7e-06,0,1,3.164,0.218,-0.218,0,1,13660.0,6.77102,-6.77102,0,1,14.4673,,,0,1,1099.61,,,,,1604.0,,,,,13.3887,0.007,-0.007,0,1,926.538,16.374,-16.374,0,1,6331.0,122.0,-122.0,0,1,4.37,,,0,1,1.21,,,0,1,2021/6/23 15:22,2024/8/22 10:08,96.263308,141.263308,22.451509338076384,1.6383390889390266,321.90422991635853,340.1963545846302
3301,3302,3867.01,3867,320208949,320208949.0,1,PC,12h54m37.27s,193.655288,,,+47d03m58.47s,47.066242,,,-30.226,0.02,-0.02,0.0,1.0,-8.145,0.02,-0.02,0.0,1.0,2459653.142,0.001691,-0.001691,0,1,5.7310859,1.28e-05,-1.28e-05,0,1,1.693,0.266,-0.266,0,1,10870.0,10.2019,-10.2019,0,1,11.8502,0.915913,-0.915913,0,1,60.3278,,,,,776.0,,,,,12.7251,0.007,-0.007,0,1,488.695,3.573,-3.573,0,1,5552.1,173.2,-173.2,0,1,4.37,0.1,-0.1,0,1,1.07,0.08,-0.08,0,1,2021/6/23 15:22,2024/8/22 10:08,91.34471199999999,136.344712,24.006804228316625,0.9308948310902224,317.50736602357193,336.41842925771664
3311,3312,3876.01,3876,150388393,150388393.0,1,PC,12h55m35.68s,193.898669,,,+57d08m27.65s,57.141015,,,-36.424,0.023,-0.023,0.0,1.0,-0.33,0.02,-0.02,0.0,1.0,2459659.911,0.000751,-0.000751,0,1,6.5846694,1.03e-05,-1.03e-05,0,1,2.572,0.199,-0.199,0,1,22460.0,11.9318,-11.9318,0,1,14.5999,0.802001,-0.802001,0,1,107.766,,,,,897.0,,,,,12.76,0.007,-0.007,0,1,493.754,3.525,-3.525,0,1,5852.0,128.4,-128.4,0,1,4.49,0.08,-0.08,0,1,0.97,0.05,-0.05,0,1,2021/6/23 15:22,2024/8/22 10:08,91.10133099999999,136.101331,28.246538243842352,9.297047414106396,327.3714415342853,341.33579716793577
3319,3320,3883.01,3883,99330090,99330090.01,1,FP,12h39m18.95s,189.828966,,,+59d42m12.55s,59.703485,,,-14.752,0.04,-0.04,0.0,1.0,3.149,0.034,-0.034,0.0,1.0,2459443.719,0.00043,-0.00043,0,1,7.0080817,5.9e-06,-5.9e-06,0,1,3.179,0.052,-0.052,0,1,14900.0,0.846507,-0.846507,0,1,13.1807,0.56908,-0.56908,0,1,189.492,,,,,1033.0,,,,,11.1693,0.007,-0.007,0,1,295.431,1.838,-1.838,0,1,6307.0,121.6,-121.6,0,1,4.48,0.09,-0.09,0,1,1.06,0.05,-0.05,0,1,2021/6/23 15:22,2024/8/22 10:08,95.17103399999999,140.171034,27.257857644473965,10.246756288667093,330.6988481487968,344.10523078829056
3321,3322,3885.01,3885,55748194,55748194.01,1,FA,12h01m02.15s,180.258942,,,+55d50m46.34s,55.846206,,,-22.179,2.349,-2.349,0.0,1.0,-37.628,2.349,-2.349,0.0,1.0,2458923.581,0.000369,-0.000369,0,1,2.5227786,7.2e-06,-7.2e-06,0,1,2.177,0.114,-0.114,0,1,18880.0,2.9995,-2.9995,0,1,10.9418,0.967064,-0.967064,0,1,344.846,,,,,1200.0,,,,,12.293,0.019,-0.019,0,1,,,,0,1,5268.7,42.0,-42.0,0,1,,,,0,1,0.78,0.07,-0.07,0,1,2021/6/23 15:22,2024/8/22 10:08,104.74105800000001,149.741058,20.955055131604386,4.4405552722566135,329.65788127323276,346.37424346426985
3325,3326,3889.01,3889,950525831,950525831.0,1,PC,12h01m02.14s,180.258934,,,+55d50m46.32s,55.846201,,,-28.883,0.037,-0.037,0.0,1.0,-36.671,0.039,-0.039,0.0,1.0,2459635.026,0.000288,-0.000288,0,1,2.5228506,1.1e-06,-1.1e-06,0,1,2.15,0.04,-0.04,0,1,21300.0,0.573301,-0.573301,0,1,12.9082,0.775932,-0.775932,0,1,307.773,,,,,1166.0,,,,,12.4244,0.007,-0.007,0,1,301.63,2.2145,-2.2145,0,1,5294.0,119.8,-119.8,0,1,4.56,0.08,-0.08,0,1,0.84,0.05,-0.05,0,1,2021/6/23 15:22,2024/8/22 10:08,104.74106599999999,149.741066,20.95504867401331,4.440548861415806,329.65787943440034,346.37424516758614
3339,3340,3901.01,3901,357373216,357373216.0,1,PC,14h33m20.77s,218.336542,,,+52d23m09.5s,52.385972,,,14.751,0.027,-0.027,0.0,1.0,-25.029,0.03,-0.03,0.0,1.0,2459681.957,0.001466,-0.001466,0,1,9.546972,2.18e-05,-2.18e-05,0,1,2.112,0.174,-0.174,0,1,17300.0,15.7849,-15.7849,0,1,12.4743,,,0,1,33.8682,,,,,672.0,,,,,13.3215,0.007,-0.007,0,1,593.676,5.9975,-5.9975,0,1,5834.0,122.0,-122.0,0,1,4.54,,,0,1,0.91,,,0,1,2021/6/23 15:22,2024/8/22 10:08,66.66345799999999,111.66345799999999,40.72301892499548,15.651800056453709,318.02059116398505,329.1566877383409
3349,3350,3910.01,3910,158617175,158617175.0,1,PC,14h54m26.28s,223.609501,,,+59d06m07.16s,59.101988,,,-81.615,0.042,-0.042,0.0,1.0,21.755,0.04,-0.04,0.0,1.0,2459686.227,0.000325,-0.000325,0,1,5.7158895,2.9e-06,-2.9e-06,0,1,2.437,0.063,-0.063,0,1,22050.0,2.50481,-2.50481,0,1,12.3206,0.743769,-0.743769,0,1,76.4949,,,,,823.0,,,,,12.0581,0.007,-0.007,0,1,245.248,1.3605,-1.3605,0,1,5224.0,126.5,-126.5,0,1,4.56,0.09,-0.09,0,1,0.82,0.05,-0.05,0,1,2021/6/23 15:22,2024/8/22 10:08,61.390499000000005,106.390499,43.915451190516364,21.93025744940427,326.68511694112374,332.82346385955253
3369,3370,3929.01,3929,422554579,422554579.0,1,PC,23h05m53.99s,346.474955,,,+67d11m18.49s,67.188469,,,-9.573,0.03,-0.03,0.0,1.0,-0.703,0.026,-0.026,0.0,1.0,2459909.656,0.000917,-0.000917,0,1,3.4608812,4.3e-06,-4.3e-06,0,1,3.608,0.11,-0.11,0,1,16514.0,355.671,-355.671,0,1,19.0253,,,0,1,672.096,,,,,1418.0,,,,,13.2363,0.048,-0.048,0,1,684.911,8.1175,-8.1175,0,1,5695.0,122.0,-122.0,0,1,4.08,,,0,1,1.52,,,0,1,2021/6/23 15:24,2024/8/22 10:08,-61.47495500000002,-16.474955000000023,42.872972490784534,56.43524623576872,23.268601756157654,9.4376530507986
3380,3381,3939.01,3939,366115856,366115856.0,1,PC,23h46m50.01s,356.708389,,,+66d51m38.9s,66.860805,,,13.19,0.029,-0.029,0.0,1.0,-5.307,0.029,-0.029,0.0,1.0,2459908.695,0.000456,-0.000456,0,1,2.3466472,1.5e-06,-1.5e-06,0,1,1.957,0.067,-0.067,0,1,25278.0,715.834,-715.834,0,1,12.2268,,,0,1,153.353,,,,,980.0,,,,,13.2129,0.006,-0.006,0,1,262.301,1.224,-1.224,0,1,4477.0,122.0,-122.0,0,1,4.53,,,0,1,0.75,,,0,1,2021/6/23 15:24,2024/8/22 10:08,-71.70838900000001,-26.70838900000001,38.93681739820061,54.586190052754006,24.123186501902392,14.689089270011785
3407,3408,3961.01,3961,272219353,272219353.0,1,PC,23h42m58.67s,355.744456,,,+62d17m24.45s,62.290124,,,-3.074,0.078,-0.078,0.0,1.0,-1.97,0.06,-0.06,0.0,1.0,2459880.628,0.001072,-0.001072,0,1,3.5434689,5.2e-06,-5.2e-06,0,1,1.849,0.326,-0.326,0,1,20265.0,931.937,-931.937,0,1,,,,0,1,1741.244319,,,,,1647.535107,,,,,12.8669,0.069,-0.069,0,1,9842.0,2286.46,-2286.46,0,1,5354.0,153.8,-153.8,0,1,,,,0,1,,,,0,1,2021/6/23 15:24,2024/8/22 10:08,-70.74445600000001,-25.744456000000014,39.30210874424479,58.30839744265279,29.435512795542255,18.837083582253218
3419,3420,3972.01,3972,284206913,284206913.0,1,PC,00h37m13.22s,9.305074,,,+61d12m18.35s,61.205097,,,147.833,0.038,-0.038,0.0,1.0,-20.892,0.038,-0.038,0.0,1.0,2459903.239,0.000386,-0.000386,0,1,10.511362,4.9e-06,-4.9e-06,0,1,3.112,0.063,-0.063,0,1,16120.0,220.649,-220.649,0,1,11.935,0.608141,-0.608141,0,1,61.3806,,,,,779.0,,,,,10.7486,0.006,-0.006,0,1,162.569,0.702,-0.702,0,1,5908.0,284.9,-284.9,0,1,4.54,0.09,-0.09,0,1,0.92,0.05,-0.05,0,1,2021/6/23 15:24,2024/9/8 10:08,275.694926,320.694926,32.80672278860983,53.89729565544429,29.624408543059136,26.373352064904047
3450,3451,4000.01,4000,283015592,283015592.0,1,PC,00h03m53.91s,0.974631,,,+64d46m34.75s,64.77632,,,-2.869,0.033,-0.033,0.0,1.0,-1.98,0.028,-0.028,0.0,1.0,2459879.949,0.001259,-0.001259,0,1,3.7027104,5.8e-06,-5.8e-06,0,1,3.572,0.205,-0.205,0,1,12813.0,375.469,-375.469,0,1,21.058,0.868727,-0.868727,0,1,1803.49,,,,,1815.0,,,,,12.5696,0.024,-0.024,0,1,878.067,15.691,-15.691,0,1,7493.0,216.7,-216.7,0,1,4.12,0.08,-0.08,0,1,1.9,0.07,-0.07,0,1,2021/6/23 15:24,2024/8/22 10:08,284.025369,329.025369,37.12008864785502,54.90398456814643,26.415163091282302,18.67733643763257
3457,3458,4007.01,4007,389910188,389910188.0,1,PC,01h34m37.36s,23.655685,,,+62d19m31.86s,62.325517,,,5.9,0.027,-0.027,0.0,1.0,-2.89,0.032,-0.032,0.0,1.0,2459901.437,0.001293,-0.001293,0,1,4.5432349,7.2e-06,-7.2e-06,0,1,3.609,0.153,-0.153,0,1,12236.0,304.737,-304.737,0,1,12.5868,0.495154,-0.495154,0,1,1563.16,,,,,1751.0,,,,,12.4705,0.006,-0.006,0,1,511.571,6.42,-6.42,0,1,7998.0,592.7,-592.7,0,1,4.6,0.1,-0.1,0,1,1.16,0.04,-0.04,0,1,2021/6/23 15:25,2024/9/10 10:08,261.344315,306.344315,26.78878564562643,47.174722997950965,26.165712332255662,28.365797317542462
3465,3466,4012.01,4012,280315875,280315875.0,1,PC,02h45m35.72s,41.39883,,,+66d21m33.23s,66.359231,,,-16.957,0.022,-0.022,0.0,1.0,-22.559,0.033,-0.033,0.0,1.0,2459883.127,0.000799,-0.000799,0,1,1.82544,2.3e-06,-2.3e-06,0,1,1.744,0.091,-0.091,0,1,21650.0,7.54176,-7.54176,0,1,11.7503,,,0,1,181.783,,,,,1022.0,,,,,13.3507,0.006,-0.006,0,1,245.737,1.357,-1.357,0,1,4324.0,122.0,-122.0,0,1,4.49,,,0,1,0.77,,,0,1,2021/6/23 15:25,2024/8/22 10:08,243.60117,288.60117,22.296054395533915,39.06627419330285,19.037774656483826,24.694259727237025
3467,3468,4014.01,4014,85791385,85791385.01,1,PC,03h52m49.12s,58.204664,,,+68d46m38.88s,68.777467,,,-3.418,0.022,-0.022,0.0,1.0,1.313,0.029,-0.029,0.0,1.0,2459738.792,0.001517,-0.001517,0,1,2.8067423,6.2e-06,-6.2e-06,0,1,1.997,0.17,-0.17,0,1,17630.0,11.597,-11.597,0,1,13.4381,,,0,1,361.087,,,,,1214.0,,,,,13.4891,0.02,-0.02,0,1,562.401,5.8965,-5.8965,0,1,5863.0,122.0,-122.0,0,1,4.48,,,0,1,0.98,,,0,1,2021/6/23 15:25,2024/8/22 10:08,226.795336,271.795336,19.370403103397894,32.95412243573349,13.421733132473877,21.37891095229522
3468,3469,4015.01,4015,85429139,85429139.01,1,PC,03h33m40.8s,53.419992,,,+68d36m45.6s,68.612667,,,24.156,0.036,-0.036,0.0,1.0,-18.145,0.044,-0.044,0.0,1.0,2459738.474,0.000411,-0.000411,0,1,4.7427131,3e-06,-3e-06,0,1,3.115,0.082,-0.082,0,1,13560.0,1.01718,-1.01718,0,1,17.876,0.87203,-0.87203,0,1,320.783,,,,,1179.0,,,,,10.767,0.006,-0.006,0,1,309.161,2.854,-2.854,0,1,5947.0,150.8,-150.8,0,1,4.12,0.08,-0.08,0,1,1.51,0.07,-0.07,0,1,2021/6/23 15:25,2024/8/22 10:08,231.580008,276.580008,20.392319864919735,34.63235800708302,14.690356775056971,21.884511424411347
3475,3476,4020.01,4020,10974783,10974783.01,1,FA,01h57m41.53s,29.423058,,,+63d54m15.8s,63.904389,,,,,,,,,,,,,2459719.597,0.001427,-0.001427,0,1,3.2174446,3.69e-05,-3.69e-05,0,1,3.8917348,0.0985163,-0.0985163,0,1,11554.50318,305.41287,-305.41287,0,1,,,,0,1,1947.574434,,,,,1694.311528,,,,,11.852,0.201,-0.201,0,1,1245.57,,,0,1,,,,0,1,,,,0,1,,,,0,1,2021/6/23 15:25,2024/9/7 10:08,255.576942,300.576942,25.173339811218252,44.29878636462913,23.606760087819403,27.058349446152597
3483,3484,4028.01,4028,406634633,406634633.0,1,PC,23h40m55.35s,355.230606,,,+69d58m28.03s,69.974452,,,6.993,0.029,-0.029,0.0,1.0,-1.151,0.023,-0.023,0.0,1.0,2459884.286,0.001776,-0.001776,0,1,3.9589142,8.8e-06,-8.8e-06,0,1,2.42,0.192,-0.192,0,1,16160.0,9.62841,-9.62841,0,1,15.2242,,,0,1,301.848,,,,,1161.0,,,,,13.0911,0.021,-0.021,0,1,610.074,6.276,-6.276,0,1,5963.0,122.0,-122.0,0,1,4.3,,,0,1,1.22,,,0,1,2021/6/23 15:25,2024/8/22 10:08,-70.23060600000002,-25.230606000000023,39.32928344410136,52.43356552295569,20.576046724578124,11.419799253891595
3535,3536,4074.01,4074,628103717,628103717.0,1,PC,01h57m41.61s,29.423373,,,+63d54m16.52s,63.90459,,,-0.196,0.024,-0.024,0.0,1.0,-0.939,0.028,-0.028,0.0,1.0,2459906.212,0.001363,-0.001363,0,1,3.2175013,6.7e-06,-6.7e-06,0,1,3.2,0.235,-0.235,0,1,11871.0,453.272,-453.272,0,1,16.011,2.13317,-2.13317,0,1,1034.94,,,,,1580.0,,,,,12.6844,0.015,-0.015,0,1,885.18,14.837,-14.837,0,1,7932.0,169.3,-169.3,0,1,4.32,0.08,-0.08,0,1,1.56,0.2,-0.2,0,1,2021/6/23 15:26,2024/8/22 10:08,255.576627,300.576627,25.173315081871426,44.29861559081781,23.606522974408033,27.058129514421363
3540,3541,4079.01,4079,444558604,444558604.0,1,PC,01h19m55.4s,19.980843,,,+64d32m16.99s,64.538054,,,18.093,0.038,-0.038,0.0,1.0,0.909,0.041,-0.041,0.0,1.0,2459882.628,0.000561,-0.000561,0,1,1.9872259,7.3e-06,-7.3e-06,0,1,2.486,0.071,-0.071,0,1,19450.0,2.51995,-2.51995,0,1,15.6112,0.765135,-0.765135,0,1,1292.25,,,,,1670.0,,,,,12.1484,0.03,-0.03,0,1,360.76,3.578,-3.578,0,1,6178.0,242.9,-242.9,0,1,4.44,0.09,-0.09,0,1,1.08,0.05,-0.05,0,1,2021/6/23 15:26,2024/8/22 10:08,265.019157,310.019157,29.16260444802367,48.10086969213087,24.750508569525966,24.899606475027674
3542,3543,4080.01,4080,428892437,428892437.0,1,PC,05h39m27.65s,84.865203,,,+81d32m36.42s,81.54345,,,3.818,0.029,-0.029,0.0,1.0,-14.204,0.033,-0.033,0.0,1.0,2459764.983,0.001221,-0.001221,0,1,3.7519831,6.2e-06,-6.2e-06,0,1,2.891,0.168,-0.168,0,1,17240.0,6.56554,-6.56554,0,1,12.9516,,,0,1,297.501,,,,,1157.0,,,,,13.3593,0.007,-0.007,0,1,543.607,5.462,-5.462,0,1,5389.0,122.0,-122.0,0,1,4.43,,,0,1,0.97,,,0,1,2021/6/23 15:26,2024/8/22 10:08,200.134797,245.134797,27.01594646322016,31.110286399983938,2.669298234013059,7.36387758481943
3549,3550,4087.01,4087,310002617,310002617.0,1,CP,14h31m42.19s,217.925779,,,+83d22m21.74s,83.372706,,,-16.728,0.038,-0.038,0.0,1.0,10.376,0.039,-0.039,0.0,1.0,2459765.674,0.000194,-0.000194,0,1,3.1774814,9e-07,-9e-07,0,1,2.824,0.037,-0.037,0,1,14190.0,0.18035,-0.18035,0,1,13.9016,0.65223,-0.65223,0,1,625.157,,,,,1393.0,,,,,11.2961,0.027,-0.027,0,1,301.676,2.209,-2.209,0,1,6071.0,205.3,-205.3,0,1,4.39,0.09,-0.09,0,1,1.12,0.05,-0.05,0,1,2021/6/23 15:28,2024/8/22 10:08,67.074221,112.074221,37.34191452723429,32.290719514796876,353.69375486312157,354.0356175209423
3550,3551,4088.01,4088,302381397,302381397.0,1,PC,06h40m19.45s,100.081046,,,+76d33m11.05s,76.553069,,,-11.629,0.037,-0.037,0.0,1.0,-14.986,0.045,-0.045,0.0,1.0,2459912.554,0.000983,-0.000983,0,1,2.7284428,3.6e-06,-3.6e-06,0,1,2.201,0.139,-0.139,0,1,10460.0,3.18854,-3.18854,0,1,12.71,0.677451,-0.677451,0,1,427.584,,,,,1266.0,,,,,12.2523,0.009,-0.009,0,1,439.803,5.3535,-5.3535,0,1,5686.0,130.8,-130.8,0,1,4.28,0.08,-0.08,0,1,1.21,0.06,-0.06,0,1,2021/6/23 15:28,2024/8/22 10:08,184.91895399999999,229.91895399999999,21.596294743914946,25.798131363230336,1.0066430127993387,9.37727829978301
3568,3569,4103.01,4103,235902467,235902467.0,1,PC,19h19m00.29s,289.751203,,,+82d52m32.1s,82.875584,,,14.219,0.044,-0.044,0.0,1.0,74.947,0.054,-0.054,0.0,1.0,2459754.904,0.000379,-0.000379,0,1,12.2740928,6.6e-06,-6.6e-06,0,1,3.532,0.04,-0.04,0,1,14450.0,0.40822,-0.40822,0,1,12.7514,0.642275,-0.642275,0,1,50.0141,,,,,740.0,,,,,11.2056,0.006,-0.006,0,1,243.002,1.43,-1.43,0,1,5674.0,129.2,-129.2,0,1,4.4,0.08,-0.08,0,1,1.05,0.05,-0.05,0,1,2021/6/23 15:28,2024/8/22 10:08,-4.751202999999975,40.248797000000025,42.09745337046029,40.29248747606274,0.6498198514426228,355.0541086898727
3593,3594,4125.01,4125,147761049,147761049.0,1,PC,07h17m13.29s,109.305384,,,+70d46m48.68s,70.780189,,,-7.673,0.023,-0.023,0.0,1.0,-3.163,0.031,-0.031,0.0,1.0,2460316.849,0.00355,-0.00355,0,1,4.7155974,2.38e-05,-2.38e-05,0,1,3.4748078,0.0842425,-0.0842425,0,1,11242.43397,286.49048,-286.49048,0,1,18.3601489,0.9564092,-0.9564092,0,1,821.3764221,,,,,1365.385567,,,,,12.72,0.008,-0.008,0,1,766.601,12.394,-12.394,0,1,5873.0,124.0,-124.0,0,1,4.08,0.08,-0.08,0,1,1.5585099,0.0763267,-0.0763267,0,1,2021/6/23 15:28,2024/9/10 10:08,175.694616,220.694616,15.825501159303935,19.703472568348133,358.7941899366666,10.858117612689385
3610,3611,4140.01,4140,400103802,400103802.0,1,PC,06h27m54.69s,96.977875,,,+74d00m29.27s,74.00813,,,6.91,0.04,-0.04,0.0,1.0,-2.301,0.039,-0.039,0.0,1.0,2459910.467,0.000941,-0.000941,0,1,4.2511214,5.7e-06,-5.7e-06,0,1,2.823,0.1,-0.1,0,1,13830.0,2.00381,-2.00381,0,1,11.2617,0.607523,-0.607523,0,1,240.568,,,,,1097.0,,,,,12.1311,0.006,-0.006,0,1,311.002,2.5875,-2.5875,0,1,5501.0,128.5,-128.5,0,1,4.48,0.08,-0.08,0,1,0.94,0.05,-0.05,0,1,2021/6/23 15:28,2024/9/1 12:02,188.02212500000002,233.02212500000002,19.142014605992987,24.55919734223453,1.9109887778299735,11.54607396105437
3614,3615,4144.01,4144,313194972,313194972.0,1,PC,05h46m28.27s,86.617798,,,+75d02m43.94s,75.045539,,,-1.746,0.034,-0.034,0.0,1.0,-14.478,0.042,-0.042,0.0,1.0,2459744.991,0.000946,-0.000946,0,1,16.9020565,2.31e-05,-2.31e-05,0,1,5.729,0.229,-0.229,0,1,14890.0,1.99691,-1.99691,0,1,11.3763,0.641715,-0.641715,0,1,62.5724,,,,,783.0,,,,,11.9039,0.006,-0.006,0,1,260.002,1.603,-1.603,0,1,5442.0,129.4,-129.4,0,1,4.49,0.08,-0.08,0,1,0.91,0.05,-0.05,0,1,2021/6/23 15:28,2024/8/22 10:08,198.382202,243.382202,20.70478367988371,27.35114868586465,4.0916479586439864,12.425299811886713
3615,3616,4145.01,4145,279947414,279947414.0,1,CP,02h37m43.14s,39.429743,,,+80d16m02.58s,80.267384,,,11.766,0.04,-0.04,0.0,1.0,-13.413,0.044,-0.044,0.0,1.0,2459767.637,0.000225,-0.000225,0,1,4.0664446,1.3e-06,-1.3e-06,0,1,1.712,0.075,-0.075,0,1,19740.0,3.7531,-3.7531,0,1,12.1827,0.685761,-0.685761,0,1,89.3911,,,,,856.0,,,,,11.5241,0.006,-0.006,0,1,205.387,1.1905,-1.1905,0,1,5421.0,155.1,-155.1,0,1,4.54,0.08,-0.08,0,1,0.86,0.05,-0.05,0,1,2021/6/23 15:28,2024/8/22 10:08,245.570257,290.57025699999997,30.5340169256038,37.87756844284499,8.462010943337289,9.517583963532063
3617,3618,4147.01,4147,138329479,138329479.0,1,PC,05h32m21.16s,83.088172,,,+79d48m32.88s,79.809132,,,8.892,0.019,-0.019,0.0,1.0,1.009,0.022,-0.022,0.0,1.0,2459767.712,0.000859,-0.000859,0,1,2.3745416,3.2e-06,-3.2e-06,0,1,3.17,0.13,-0.13,0,1,10590.0,2.39068,-2.39068,0,1,13.6144,0.703471,-0.703471,0,1,1303.71,,,,,1674.0,,,,,12.7833,0.009,-0.009,0,1,631.739,5.0715,-5.0715,0,1,5865.0,129.4,-129.4,0,1,4.23,0.08,-0.08,0,1,1.3,0.06,-0.06,0,1,2021/6/23 15:28,2024/8/22 10:08,201.911828,246.911828,25.471791627237895,30.51030798604208,3.437588048177458,8.955405009061725
3619,3620,4149.01,4149,103096524,103096524.0,1,PC,04h04m13.22s,61.055097,,,+75d29m47.96s,75.496655,,,3.733,0.056,-0.056,0.0,1.0,-4.069,0.06,-0.06,0.0,1.0,2459768.676,0.000801,-0.000801,0,1,3.2928068,5.4e-06,-5.4e-06,0,1,2.107,0.154,-0.154,0,1,16460.0,7.13136,-7.13136,0,1,11.9432,0.803304,-0.803304,0,1,159.842,,,,,990.0,,,,,12.8508,0.014,-0.014,0,1,331.43,3.9135,-3.9135,0,1,5037.0,143.4,-143.4,0,1,4.44,0.09,-0.09,0,1,0.91,0.06,-0.06,0,1,2021/6/23 15:28,2024/8/22 10:08,223.944903,268.944903,24.053653125424194,33.47140632830766,9.023486136099741,14.454807942261306
3633,3634,4160.01,4160,441580526,441580526.0,1,PC,07h26m57.87s,111.741144,,,+72d13m45.62s,72.229339,,,3.754,0.033,-0.033,0.0,1.0,-9.493,0.039,-0.039,0.0,1.0,2459598.997,0.00059,-0.00059,0,1,4.4427146,1.08e-05,-1.08e-05,0,1,3.2966866,0.0499613,-0.0499613,0,1,12220.15257,139.8514,-139.8514,0,1,11.7585481,0.6272951,-0.6272951,0,1,375.1250027,,,,,1122.441596,,,,,12.2319,0.006,-0.006,0,1,399.676,3.983,-3.983,0,1,5754.0,132.4,-132.4,0,1,4.41,0.08,-0.08,0,1,1.04413,0.053706,-0.053706,0,1,2021/6/23 15:28,2024/9/6 10:08,173.25885599999998,218.25885599999998,17.33305235325311,20.480852656180218,358.23784604677496,9.577097803313839
3647,3648,4173.01,4173,358613376,358613376.0,1,PC,11h40m47.63s,175.198472,,,+79d36m45.21s,79.612558,,,1.809,0.034,-0.034,0.0,1.0,2.398,0.032,-0.032,0.0,1.0,2459942.653,0.001075,-0.001075,0,1,8.2713274,1.15e-05,-1.15e-05,0,1,3.809,0.07,-0.07,0,1,20740.0,1.70296,-1.70296,0,1,14.0507,0.684684,-0.684684,0,1,146.225,,,,,968.0,,,,,12.6361,0.007,-0.007,0,1,462.904,3.392,-3.392,0,1,5921.0,128.9,-128.9,0,1,4.5,0.08,-0.08,0,1,0.97,0.05,-0.05,0,1,2021/6/23 15:28,2024/8/22 10:08,109.80152799999999,154.801528,30.940132109244093,25.501520989293184,350.61486372516697,356.0001949154909
3937,3938,4427.01,4427,207339000,207339000.0,1,PC,09h00m11.82s,135.049261,,,+72d08m51.89s,72.147747,,,37.526,0.032,-0.032,0.0,1.0,-19.985,0.035,-0.035,0.0,1.0,2459940.464,0.000368,-0.000368,0,1,4.6182631,3e-06,-3e-06,0,1,2.7008637,0.0171355,-0.0171355,0,1,20287.61827,99.38516,-99.38516,0,1,13.3976162,0.777453,-0.777453,0,1,204.8121523,,,,,964.8475089,,,,,11.3427,0.006,-0.006,0,1,198.251,0.9255,-0.9255,0,1,5328.0,136.083,-136.083,0,1,4.50337,0.0818582,-0.0818582,0,1,0.889218,0.0514397,-0.0514397,0,1,2021/9/9 19:53,2023/5/25 16:02,149.950739,194.950739,19.18314040047624,17.65818469834936,352.3152008075028,3.9029854160661097
3939,3940,4429.01,4429,233188747,233188747.0,1,PC,15h02m21.51s,225.589638,,,+70d56m58.54s,70.949594,,,4.614,0.035,-0.035,0.0,1.0,-16.482,0.028,-0.028,0.0,1.0,2459939.614,0.001166,-0.001166,0,1,3.4505658,5e-06,-5e-06,0,1,3.0397698,0.035426,-0.035426,0,1,15044.64532,117.87247,-117.87247,0,1,12.8140087,0.7017672,-0.7017672,0,1,432.6350726,,,,,1163.188716,,,,,12.7714,0.006,-0.006,0,1,461.898,3.5425,-3.5425,0,1,5402.0,121.807,-121.807,0,1,4.37462,0.082245,-0.082245,0,1,1.04301,0.0557789,-0.0557789,0,1,2021/9/9 19:53,2024/5/3 12:03,59.41036199999999,104.41036199999999,42.70501744358778,28.39994459807693,341.27521312372187,342.4913228079936
3947,3948,4436.01,4436,420268415,420268415.0,1,PC,20h33m42.38s,308.426581,,,+87d00m33.58s,87.009328,,,1.679,0.033,-0.033,0.0,1.0,6.066,0.038,-0.038,0.0,1.0,2459767.611,0.000252,-0.000252,0,1,1.7590566,1e-06,-1e-06,0,1,3.5349264,0.0186995,-0.0186995,0,1,10499.97572,53.89361,-53.89361,0,1,20.9577864,0.9638307,-0.9638307,0,1,5910.485502,,,,,2236.276699,,,,,11.8931,0.011,-0.011,0,1,621.061,7.1225,-7.1225,0,1,6250.0,136.01,-136.01,0,1,3.91912,0.082032,-0.082032,0,1,1.9992501,0.0914069,-0.0914069,0,1,2021/9/9 19:53,2023/5/19 16:02,-23.426581,21.573419,37.73500313704246,37.77333553862983,1.231238559110107,358.860738718857
3960,3961,4447.01,4447,153937417,153937417.0,1,PC,11h31m29.35s,172.872285,,,+71d04m53.35s,71.081486,,,-57.1,0.032,-0.032,0.0,1.0,-26.226,0.029,-0.029,0.0,1.0,2459608.484,0.001835,-0.001835,0,1,4.1596837,0.0001702,-0.0001702,0,1,2.5973202,0.0932082,-0.0932082,0,1,17900.47565,473.3737,-473.3737,0,1,10.0262443,0.3072596,-0.3072596,0,1,74.58191,,,,,749.5111965,,,,,13.5868,0.006,-0.006,0,1,268.37,1.286,-1.286,0,1,4230.0,122.0,-122.0,0,1,4.55383,,,0,1,0.711036,,,0,1,2021/9/9 19:53,2024/3/24 12:03,112.127715,157.127715,26.266856215817395,17.330701488377176,343.76588061139734,353.7740883437127
4812,4813,5199.01,5199,298049015,298049015.0,1,FP,12h21m20.7s,185.336268,,,+81d38m51.66s,81.647682,,,-3.769,0.098,-0.098,0.0,1.0,3.148,0.076,-0.076,0.0,1.0,2459438.721,0.004774,-0.004774,0,1,3.9131371,0.0006544,-0.0006544,0,1,1.846,0.355,-0.355,0,1,37860.0,236.567,-236.567,0,1,12.4444,1.12235,-1.12235,0,1,25.4932,,,,,625.0,,,,,14.9652,0.008,-0.008,0,1,372.355,6.7285,-6.7285,0,1,3773.0,157.0,-157.0,0,1,4.64,0.01,-0.01,0,1,0.62,0.02,-0.02,0,1,2022/2/28 23:23,2024/8/22 10:08,99.66373200000001,144.663732,33.19694226464676,28.06184527947983,351.9024038860208,355.52032126802897
4821,4822,5207.01,5207,147892178,147892178.0,1,PC,09h30m55.02s,142.729233,,,+71d44m24.93s,71.740257,,,-15.026,0.024,-0.024,0.0,1.0,-27.223,0.028,-0.028,0.0,1.0,2459585.839,0.003842,-0.003842,0,1,24.6951647,0.0001775,-0.0001775,0,1,3.696,0.411,-0.411,0,1,13290.0,13.8769,-13.8769,0,1,6.41046,0.298545,-0.298545,0,1,3.18912,,,,,372.0,,,,,13.2754,0.007,-0.007,0,1,156.815,0.4225,-0.4225,0,1,3850.0,157.0,-157.0,0,1,4.68,0.01,-0.01,0,1,0.56,0.02,-0.02,0,1,2022/2/28 23:23,2024/8/22 10:08,142.270767,187.270767,19.980379143590632,16.863775702988512,350.3125373807199,1.945671357568297
4847,4848,5230.01,5230,55778666,55778666.01,1,PC,12h09m20.12s,182.33384,,,+57d30m12.96s,57.503601,,,7.924,0.027,-0.027,0.0,1.0,-5.105,0.026,-0.026,0.0,1.0,2459630.987,0.001304,-0.001304,0,1,7.1452343,1.71e-05,-1.71e-05,0,1,3.169,0.13,-0.13,0,1,14520.0,5.46937,-5.46937,0,1,12.0822,,,0,1,120.883,,,,,923.0,,,,,13.1924,0.007,-0.007,0,1,576.539,5.9405,-5.9405,0,1,5685.0,122.0,-122.0,0,1,4.46,,,0,1,0.98,,,0,1,2022/2/28 23:23,2024/8/22 10:08,102.66615999999999,147.66616,22.78480111209965,6.425968624839909,330.4851431865711,346.10189363124977
5006,5007,5375.01,5375,71268730,71268730.01,1,PC,07h35m08.37s,113.784894,,,+71d24m02.42s,71.400673,,,48.468,0.019,-0.019,0.0,1.0,19.008,0.028,-0.028,0.0,1.0,2459580.736,0.000325,-0.000325,0,1,1.7215575,1.4e-06,-1.4e-06,0,1,1.7411525,0.0162037,-0.0162037,0,1,31815.40601,316.04227,-316.04227,0,1,11.4801145,0.3511035,-0.3511035,0,1,140.2785768,,,,,877.7434298,,,,,12.456,0.009,-0.009,0,1,121.333,0.221,-0.221,0,1,3865.0,157.0,-157.0,0,1,4.62323,0.0113623,-0.0113623,0,1,0.633426,0.0187028,-0.0187028,0,1,2022/3/1 0:00,2023/4/5 12:02,171.215106,216.215106,16.583820042251954,19.44053349494372,357.61284710508465,9.484453809886825
5233,5234,5570.01,5570,302381442,302381442.0,1,PC,06h40m41.45s,100.172692,,,+76d43m56.08s,76.732244,,,2.04,0.023,-0.023,0.0,1.0,-17.829,0.033,-0.033,0.0,1.0,2459567.884,0.004543,-0.004543,0,1,23.1678315,0.0001907,-0.0001907,0,1,4.295,0.359,-0.359,0,1,11480.0,13.0913,-13.0913,0,1,9.49037,,,0,1,14.833,,,,,546.0,,,,,13.4113,0.009,-0.009,0,1,454.675,3.574,-3.574,0,1,5120.0,122.0,-122.0,0,1,4.48,,,0,1,0.88,,,0,1,2022/5/17 20:13,2024/8/22 10:08,184.82730800000002,229.82730800000002,21.77338107107545,25.91204856216216,0.976198469173508,9.248287193538989
5238,5239,5575.01,5575,160162137,160162137.0,1,PC,16h04m59.65s,241.248539,,,+85d12m17.01s,85.204724,,,-19.384,0.088,-0.088,0.0,1.0,131.435,0.097,-0.097,0.0,1.0,2459747.659,1.8e-05,-1.8e-05,0,1,32.0736228,1e-06,-1e-06,0,1,2.347,0.003,-0.003,0,1,145640.0,866.394,-866.394,0,1,9.48121,0.285814,-0.285814,0,1,0.243503,,,,,195.0,,,,,14.0127,0.008,-0.008,0,1,56.6893,0.1695,-0.1695,0,1,3176.0,157.0,-157.0,0,1,5.0,0.02,-0.02,0,1,0.24,0.01,-0.01,0,1,2022/5/17 20:13,2024/8/22 10:08,43.751461000000006,88.751461,38.39163104825738,34.96394604495049,356.53310662257275,355.1997419419123
5245,5246,5581.01,5581,456306892,456306892.0,1,PC,07h52m15.7s,118.065411,,,+70d09m56.05s,70.165569,,,-23.591,0.029,-0.029,0.0,1.0,-41.288,0.039,-0.039,0.0,1.0,2459390.961,0.001666,-0.001666,0,1,33.5383044,0.0002283,-0.0002283,0,1,3.92217,0.1091445,-0.1091445,0,1,12623.75453,366.30484,-366.30484,0,1,9.8149834,0.6591355,-0.6591355,0,1,9.3663171,,,,,446.1819156,,,,,11.8294,0.006,-0.006,0,1,191.145,0.8725,-0.8725,0,1,4947.0,123.5,-123.5,0,1,4.55,0.09,-0.09,0,1,0.794396,0.0501181,-0.0501181,0,1,2022/5/17 20:13,2024/9/7 10:08,166.93458900000002,211.93458900000002,15.593133116132538,17.67845954862023,356.2558454694184,8.929125906124336
5247,5248,5583.01,5583,357244603,357244603.0,1,PC,07h10m31.53s,107.631373,,,+74d29m08.68s,74.485744,,,-2.327,2.244,-2.244,0.0,1.0,-24.658,2.244,-2.244,0.0,1.0,2459601.814,0.001674,-0.001674,0,1,3.0650073,5.14e-05,-5.14e-05,0,1,1.548,0.217,-0.217,0,1,23190.0,51.2652,-51.2652,0,1,11.1354,0.794536,-0.794536,0,1,26.6949,,,,,633.0,,,,,14.2833,0.007,-0.007,0,1,,,,0,1,3619.0,157.0,-157.0,0,1,4.57,0.03,-0.03,0,1,0.69,0.04,-0.04,0,1,2022/5/17 20:13,2024/8/22 10:08,177.368627,222.368627,19.49978579729214,23.004115250027763,359.3885572827764,9.290054997865035
5263,5264,5598.01,5598,237108775,237108775.0,1,PC,17h09m15.75s,257.315636,,,+80d24m57.89s,80.41608,,,-10.306,0.062,-0.062,0.0,1.0,11.177,0.08,-0.08,0.0,1.0,2459900.652,0.003913,-0.003913,0,1,6.2948747,7.85e-05,-7.85e-05,0,1,1.878,0.327,-0.327,0,1,16707.0,1398.26,-1398.26,0,1,6.67951,0.409179,-0.409179,0,1,9.34062,,,,,487.0,,,,,14.7371,0.008,-0.008,0,1,248.266,2.043,-2.043,0,1,3584.0,157.0,-157.0,0,1,4.71,0.01,-0.01,0,1,0.53,0.02,-0.02,0,1,2022/5/17 20:14,2024/8/22 10:08,27.684364000000016,72.68436400000002,43.3410987245985,37.312585131519135,354.9925018847506,350.51488007934284
5267,5268,5600.01,5600,287268770,287268770.0,1,PC,10h20m36.33s,155.151361,,,+63d17m26.13s,63.290591,,,2.427,0.023,-0.023,0.0,1.0,-2.598,0.024,-0.024,0.0,1.0,2459630.693,0.000934,-0.000934,0,1,10.717359,2.36e-05,-2.36e-05,0,1,2.784,0.297,-0.297,0,1,22680.0,20.47,-20.47,0,1,12.4655,,,0,1,30.4561,,,,,654.0,,,,,13.1922,0.007,-0.007,0,1,378.06,2.318,-2.318,0,1,5047.0,122.0,-122.0,0,1,4.55,,,0,1,0.8,,,0,1,2022/5/17 20:14,2024/8/22 10:08,129.848639,174.848639,16.04894037897257,8.37670426467728,342.5079053141452,358.08461670272203
5286,5287,5615.01,5615,235711993,235711993.0,1,PC,16h51m44.38s,252.934906,,,+80d07m22.9s,80.123028,,,4.344,0.024,-0.024,0.0,1.0,-18.236,0.031,-0.031,0.0,1.0,2459919.253,0.002368,-0.002368,0,1,11.7672708,2.16e-05,-2.16e-05,0,1,3.098,0.195,-0.195,0,1,13190.0,24.4161,-24.4161,0,1,15.2219,,,0,1,141.822,,,,,961.0,,,,,13.0669,0.01,-0.01,0,1,693.821,7.558,-7.558,0,1,6205.0,122.0,-122.0,0,1,4.43,,,0,1,1.1,,,0,1,2022/5/17 20:14,2024/8/22 10:08,32.06509399999999,77.06509399999999,43.16888444187275,36.62162114789891,354.11449202695405,350.10396584335945
5287,5288,5616.01,5616,154220877,154220877.0,1,PC,12h19m36.39s,184.901638,,,+48d40m59.84s,48.68329,,,-43.117,0.034,-0.034,0.0,1.0,28.563,0.046,-0.046,0.0,1.0,2459634.535,0.003306,-0.003306,0,1,2.0034478,0.0004688,-0.0004688,0,1,1.285,0.25,-0.25,0,1,24660.0,104.244,-104.244,0,1,10.9523,0.809749,-0.809749,0,1,58.2268,,,,,769.0,,,,,14.6877,0.007,-0.007,0,1,390.415,5.8005,-5.8005,0,1,3927.0,157.0,-157.0,0,1,4.61,0.01,-0.01,0,1,0.65,0.02,-0.02,0,1,2022/5/17 20:14,2024/8/22 10:08,100.09836200000001,145.098362,19.631543935395573,-0.7305220972154391,322.00589313681684,341.51851345268324
5409,5410,5723.01,5723,235901733,235901733.0,1,PC,19h18m02.12s,289.508854,,,+80d31m54.69s,80.531857,,,-20.649,0.029,-0.029,0.0,1.0,-13.155,0.033,-0.033,0.0,1.0,2459413.809,0.002166,-0.002166,0,1,170.6465146,0.0011722,-0.0011722,0,1,6.1836278,0.177533,-0.177533,0,1,12283.66337,310.08603,-310.08603,0,1,12.8504525,0.7675774,-0.7675774,0,1,3.4087943,,,,,346.553227,,,,,12.8857,0.008,-0.008,0,1,575.831,6.5645,-6.5645,0,1,5695.0,139.936,-139.936,0,1,4.32135,0.0803177,-0.0803177,0,1,1.14952,0.0593367,-0.0593367,0,1,2022/8/18 20:04,2023/6/13 16:02,-4.508853999999985,40.491146000000015,44.4346711139267,41.931437014248594,0.8500752664284185,353.22254085099297
5467,5468,5775.01,5775,289666986,289666986.0,1,PC,03h44m57.63s,56.240106,,,+77d27m52.57s,77.464603,,,23.072,0.059,-0.059,0.0,1.0,-49.479,0.077,-0.077,0.0,1.0,2459765.105,0.007592,-0.007592,0,1,2.4369467,0.000759,-0.000759,0,1,3.969,0.986,-0.986,0,1,26190.0,1786.04,-1786.04,0,1,7.18163,1.90783,-1.90783,0,1,471.423,,,,,1298.0,,,,,14.8831,0.007,-0.007,0,1,190.462,1.624,-1.624,0,1,3550.0,157.0,-157.0,0,1,4.82,,,0,1,0.41,0.01,-0.01,0,1,2022/9/1 23:42,2024/8/22 10:08,228.759894,273.75989400000003,26.276337922160423,34.859242006152975,8.622063070382234,12.634170917839487
5470,5471,5778.01,5778,264468702,264468702.0,1,PC,21h42m56.99s,325.737466,,,+83d18m42.21s,83.311725,,,29.928,0.064,-0.064,0.0,1.0,10.192,0.056,-0.056,0.0,1.0,2459762.213,0.00199,-0.00199,0,1,6.0962241,5.94e-05,-5.94e-05,0,1,1.866,0.2,-0.2,0,1,21520.0,33.3127,-33.3127,0,1,9.0747,0.468899,-0.468899,0,1,11.1142,,,,,508.0,,,,,14.0296,0.007,-0.007,0,1,236.52,1.9345,-1.9345,0,1,3769.0,157.0,-157.0,0,1,4.65,0.01,-0.01,0,1,0.6,0.02,-0.02,0,1,2022/9/1 23:42,2024/8/22 10:08,-40.73746599999998,4.2625340000000165,39.9382589295851,41.66803109291778,4.665217128947749,359.45609060805396
5747,5748,6027.01,6027,368678195,368678195.0,1,PC,00h50m57.78s,12.740739,,,+68d11m09.25s,68.185903,,,-6.448,0.043,-0.043,0.0,1.0,-6.093,0.034,-0.034,0.0,1.0,2459882.348,0.001135,-0.001135,0,1,2.8406462,0.0002049,-0.0002049,0,1,2.7440612,0.0815517,-0.0815517,0,1,57872.83361,1552.9954,-1552.9954,0,1,24.2892126,0.6621586,-0.6621586,0,1,293.4109933,,,,,1055.57439,,,,,13.8504,0.007,-0.007,0,1,416.463,4.1105,-4.1105,0,1,4389.0,122.0,-122.0,0,1,4.24954,,,0,1,1.02903,,,0,1,2023/1/20 0:26,2023/1/20 12:03,272.259261,317.259261,32.99082826495293,49.11823527493274,22.01909066904106,18.883428337626857
5774,5775,6051.01,6051,353960022,353960022.0,1,PC,04h09m30.61s,62.377542,,,+47d33m23.93s,47.556648,,,-0.476,0.049,-0.049,0.0,1.0,-2.101,0.036,-0.036,0.0,1.0,2459913.022,0.002081,-0.002081,0,1,3.9200919,0.0005415,-0.0005415,0,1,4.1169544,0.1537041,-0.1537041,0,1,22430.00406,807.65204,-807.65204,0,1,22.5941886,0.6540062,-0.6540062,0,1,1241.175166,,,,,1513.833177,,,,,13.4593,0.023,-0.023,0,1,915.507,23.8425,-23.8425,0,1,6574.32,207.97,-207.97,0,1,4.23875,,,0,1,1.47238,,,0,1,2023/2/8 21:13,2024/1/9 12:02,222.622458,267.622458,0.9448477302210544,23.5991152650245,22.82796785979518,41.67171429058713
5780,5781,6056.01,6056,102808276,102808276.0,1,PC,04h12m57.85s,63.241059,,,+67d40m31.97s,67.675548,,,5.32,0.038,-0.038,0.0,1.0,-12.79,0.06,-0.06,0.0,1.0,2459912.906,0.003442,-0.003442,0,1,3.1420495,0.0008244,-0.0008244,0,1,2.6691319,0.2533006,-0.2533006,0,1,18253.75397,1269.9469,-1269.9469,0,1,12.6079161,0.9255885,-0.9255885,0,1,275.6027117,,,,,1039.179621,,,,,14.6332,0.013,-0.013,0,1,515.161,9.885,-9.885,0,1,4996.0,122.0,-122.0,0,1,4.47095,,,0,1,0.877202,,,0,1,2023/2/8 21:13,2023/12/21 12:03,221.758941,266.758941,17.36620450536787,30.863448739919576,12.690249407881845,21.96983381080811
6073,6074,6316.01,6316,444753130,444753130.0,1,PC,01h40m42.5s,25.177088,,,+61d00m34.99s,61.00972,,,-1.24,0.018,-0.018,0.0,1.0,-0.377,0.024,-0.024,0.0,1.0,2459905.111,0.001544,-0.001544,0,1,3.0057526,6.8e-06,-6.8e-06,0,1,3.594,0.208,-0.208,0,1,12169.0,428.028,-428.028,0,1,17.9698,0.797688,-0.797688,0,1,2928.62,,,,,2049.0,,,,,12.6927,0.016,-0.016,0,1,943.154,17.0065,-17.0065,0,1,7581.0,165.8,-165.8,0,1,4.2,0.08,-0.08,0,1,1.74,0.06,-0.06,0,1,2023/5/3 22:21,2024/8/22 10:08,259.822912,304.822912,25.566605401958178,46.75397243530124,27.038939742931994,30.298505474783983
6079,6080,6321.01,6321,301991463,301991463.0,1,PC,02h42m09.46s,40.539435,,,+53d33m20.89s,53.555802,,,26.578,0.057,-0.057,0.0,1.0,-14.846,0.047,-0.047,0.0,1.0,2459909.228,0.001715,-0.001715,0,1,2.9086778,7.3e-06,-7.3e-06,0,1,2.887,0.32,-0.32,0,1,10323.0,524.662,-524.662,0,1,12.2888,,,0,1,536.747,,,,,1340.0,,,,,13.0057,0.006,-0.006,0,1,472.785,5.835,-5.835,0,1,5401.0,122.0,-122.0,0,1,4.27,,,0,1,1.18,,,0,1,2023/5/3 22:21,2024/8/22 10:08,244.460565,289.460565,14.57296420611667,38.573862279968566,28.58333223450961,40.06967231354102
6101,6102,6341.01,6341,285328782,285328782.0,1,PC,00h50m34.6s,12.644164,,,+61d02m46.44s,61.046232,,,-0.461,0.026,-0.026,0.0,1.0,0.869,0.027,-0.027,0.0,1.0,2459907.877,0.001089,-0.001089,0,1,2.7182588,3.6e-06,-3.6e-06,0,1,1.682,0.168,-0.168,0,1,12333.0,754.271,-754.271,0,1,20.77,,,0,1,402.801,,,,,1248.0,,,,,13.2013,0.015,-0.015,0,1,980.978,21.222,-21.222,0,1,6433.0,122.0,-122.0,0,1,4.15,,,0,1,1.59,,,0,1,2023/5/3 22:21,2024/8/22 10:08,272.355836,317.355836,31.210653669801648,52.52144566444897,29.324320534311685,27.66182660812144
6106,6107,6346.01,6346,260040728,260040728.0,1,PC,04h11m08.59s,62.78581,,,+56d11m41.84s,56.194956,,,-3.276,0.034,-0.034,0.0,1.0,-1.188,0.03,-0.03,0.0,1.0,2459933.411,0.002008,-0.002008,0,1,6.3111727,2.23e-05,-2.23e-05,0,1,3.039,0.277,-0.277,0,1,14495.0,972.113,-972.113,0,1,14.8439,,,0,1,130.71,,,,,941.0,,,,,13.4352,0.006,-0.006,0,1,508.418,6.848,-6.848,0,1,5531.0,122.0,-122.0,0,1,4.31,,,0,1,1.14,,,0,1,2023/5/3 22:24,2024/8/22 10:08,222.21419,267.21419000000003,7.993380833186577,27.02983771607796,18.465815911089905,33.17979698300526
6117,6118,6356.01,6356,9136777,9136777.01,1,PC,04h30m25.2s,67.605011,,,+56d23m40.07s,56.394465,,,4.196,0.06,-0.06,0.0,1.0,-18.435,0.051,-0.051,0.0,1.0,2459930.555,0.000399,-0.000399,0,1,3.7799201,2.1e-06,-2.1e-06,0,1,3.493,0.059,-0.059,0,1,16559.0,256.066,-256.066,0,1,16.2502,1.75456,-1.75456,0,1,674.743,,,,,1419.0,,,,,11.8848,0.006,-0.006,0,1,374.605,6.7325,-6.7325,0,1,6121.6,97.0,-97.0,0,1,4.38,0.12,-0.12,0,1,1.14,0.12,-0.12,0,1,2023/5/3 22:24,2024/8/22 10:08,217.394989,262.394989,6.7489589226333475,24.690215899053317,16.417708253957777,31.818872286023698
6126,6127,6364.01,6364,407517154,407517154.0,1,PC,00h10m55.7s,2.732086,,,+78d53m59.02s,78.899729,,,-9.927,0.032,-0.032,0.0,1.0,2.806,0.032,-0.032,0.0,1.0,2459899.625,0.001886,-0.001886,0,1,25.8866192,6.6e-05,-6.6e-05,0,1,3.737,0.713,-0.713,0,1,13915.0,1272.18,-1272.18,0,1,11.2641,,,0,1,14.5766,,,,,544.0,,,,,13.2114,0.009,-0.009,0,1,390.021,2.553,-2.553,0,1,5326.0,122.0,-122.0,0,1,4.6,,,0,1,0.8,,,0,1,2023/5/3 22:24,2024/8/22 10:08,282.267914,327.267914,36.609376417771365,44.06799521276399,11.171116759126118,6.839817894057443
6137,6138,6374.01,6374,468501184,468501184.0,1,PC,00h55m29.35s,13.872298,,,+73d27m50.99s,73.464164,,,-4.925,0.026,-0.026,0.0,1.0,7.215,0.027,-0.027,0.0,1.0,2459933.265,0.000978,-0.000978,0,1,4.5944948,5.5e-06,-5.5e-06,0,1,3.482,0.209,-0.209,0,1,10846.0,339.501,-339.501,0,1,14.2928,0.748715,-0.748715,0,1,424.183,,,,,1264.0,,,,,12.7022,0.02,-0.02,0,1,515.735,4.4875,-4.4875,0,1,5890.0,178.7,-178.7,0,1,4.24,0.08,-0.08,0,1,1.3,0.06,-0.06,0,1,2023/5/3 22:24,2024/8/22 10:08,271.127702,316.127702,33.672348866425374,45.883343952842324,16.596999070331805,13.605959978570498
6141,6142,6378.01,6378,251594291,251594291.0,1,PC,03h03m16.75s,45.819803,,,+59d18m31.02s,59.308616,,,0.645,0.031,-0.031,0.0,1.0,-1.775,0.048,-0.048,0.0,1.0,2459916.231,0.002806,-0.002806,0,1,12.9589981,5.19e-05,-5.19e-05,0,1,3.683,0.286,-0.286,0,1,16753.0,866.395,-866.395,0,1,11.9733,,,0,1,60.044,,,,,775.0,,,,,13.4948,0.028,-0.028,0,1,489.542,5.5595,-5.5595,0,1,5925.0,122.0,-122.0,0,1,4.52,,,0,1,0.94,,,0,1,2023/5/3 22:24,2024/8/22 10:08,239.180197,284.180197,16.201875698527257,36.559661250852514,22.794496581574002,32.64765378355162
6147,6148,6383.01,6383,328513434,328513434.0,1,CP,04h01m41.93s,60.424695,,,+60d53m28.92s,60.891368,,,41.134,0.063,-0.063,0.0,1.0,-51.191,0.07,-0.07,0.0,1.0,2459933.595,0.00106,-0.00106,0,1,1.7904917,0.0001515,-0.0001515,0,1,1.223,0.086,-0.086,0,1,47315.0,3022.18,-3022.18,0,1,11.4109,0.480695,-0.480695,0,1,31.6712,,,,,660.0,,,,,14.4506,0.007,-0.007,0,1,171.319,1.323,-1.323,0,1,3425.0,157.0,-157.0,0,1,4.78,0.01,-0.01,0,1,0.46,0.01,-0.01,0,1,2023/5/3 22:24,2024/9/27 12:02,224.57530500000001,269.575305,12.549146898718261,29.8796238054693,17.005924367237153,29.03774585214514
6703,6704,6881.01,6881,431899136,431899136.0,1,PC,03h44m54.82s,56.22842,,,+45d30m28.71s,45.507976,,,-2.154,0.051,-0.051,0.0,1.0,-2.387,0.04,-0.04,0.0,1.0,2459934.874,0.001755,-0.001755,0,1,1.9769396,5.9e-06,-5.9e-06,0,1,3.021,0.236,-0.236,0,1,11495.0,433.512,-433.512,0,1,15.8982,0.911926,-0.911926,0,1,2535.55,,,,,1976.0,,,,,12.7034,0.015,-0.015,0,1,775.775,14.477,-14.477,0,1,6440.5,97.8,-97.8,0,1,4.12,0.09,-0.09,0,1,1.65,0.08,-0.08,0,1,2024/2/1 21:36,2024/2/2 12:02,228.77158,273.77158,1.7656542447507086,26.5463308381628,26.948035163588614,45.75634055156064
6707,6708,6885.01,6885,154067753,154067753.0,1,PC,13h49m57.21s,207.488369,,,+66d46m25.57s,66.773769,,,3.218,0.04,-0.04,0.0,1.0,-26.508,0.033,-0.033,0.0,1.0,2459617.529,0.001075,-0.001075,0,1,11.6515287,0.0015223,-0.0015223,0,1,4.1130736,0.1107408,-0.1107408,0,1,15415.73003,327.5854,-327.5854,0,1,11.0647635,0.7072039,-0.7072039,0,1,60.177006,,,,,710.3581928,,,,,12.4434,0.007,-0.007,0,1,329.485,2.3625,-2.3625,0,1,5335.0,129.554,-129.554,0,1,4.50186,0.0853703,-0.0853703,0,1,0.891247,0.0511508,-0.0511508,0,1,2024/2/1 21:37,2024/4/27 12:03,77.511631,122.511631,36.65149303979561,20.699378616654613,335.8625563372142,342.69459734055255
6846,6847,7003.01,7003,219707850,219707850.0,1,PC,09h06m31.46s,136.631085,,,+70d53m12.58s,70.886829,,,-38.821,0.07,-0.07,0.0,1.0,-46.733,0.075,-0.075,0.0,1.0,2460338.156,0.000415,-0.000415,0,1,0.7331156,5e-07,-5e-07,0,1,0.559,0.047,-0.047,0,1,45524.0,9375.35,-9375.35,0,1,13.8557,0.966293,-0.966293,0,1,48.0269,,,,,733.0,,,,,14.2717,0.007,-0.007,0,1,155.969,1.3535,-1.3535,0,1,3326.0,157.0,-157.0,0,1,4.77,0.01,-0.01,0,1,0.46,0.01,-0.01,0,1,2024/5/30 23:40,2024/8/22 10:08,148.368915,193.368915,18.275357545118748,16.320283418758066,351.4343532149739,3.708926611212745
6859,6860,7015.01,7015,11894726,11894726.01,1,PC,11h52m42.31s,178.176278,,,+48d21m07.96s,48.352211,,,-66.12,0.051,-0.051,0.0,1.0,2.82,0.087,-0.087,0.0,1.0,2460359.065,0.001006,-0.001006,0,1,7.0687489,1.31e-05,-1.31e-05,0,1,0.515,0.1,-0.1,0,1,50423.0,10757.2,-10757.2,0,1,14.0241,1.09435,-1.09435,0,1,0.313028,,,,,208.0,,,,,14.3528,0.007,-0.007,0,1,164.557,1.8365,-1.8365,0,1,3368.0,157.0,-157.0,0,1,4.77,0.01,-0.01,0,1,0.47,0.01,-0.01,0,1,2024/5/30 23:41,2024/8/22 10:08,106.823722,151.823722,15.726542939814843,-2.938132195810238,324.1980800062639,344.83110401222143
6862,6863,7018.01,7018,156512187,156512187.0,1,PC,14h44m17.73s,221.073871,,,+77d56m45.76s,77.946044,,,-27.131,0.025,-0.025,0.0,1.0,-9.405,0.021,-0.021,0.0,1.0,2460352.534,0.000618,-0.000618,0,1,20.3158735,1.25e-05,-1.25e-05,0,1,5.276,0.045,-0.045,0,1,39235.0,430.907,-430.907,0,1,17.8657,0.859249,-0.859249,0,1,37.1984,,,,,688.0,,,,,12.9092,0.007,-0.007,0,1,473.162,2.647,-2.647,0,1,5725.0,122.6,-122.6,0,1,4.53,0.07,-0.07,0,1,0.91,0.04,-0.04,0,1,2024/5/30 23:41,2024/8/22 10:08,63.926129,108.926129,39.5029780982524,30.36088929261554,348.39833115717084,349.09538183472654
6874,6875,7029.01,7029,446166017,446166017.0,1,PC,12h14m04.56s,183.519002,,,+48d21m32.88s,48.359133,,,16.262,0.047,-0.047,0.0,1.0,-28.286,0.073,-0.073,0.0,1.0,2460392.777,0.000765,-0.000765,0,1,1.9271521,3e-06,-3e-06,0,1,1.201,0.091,-0.091,0,1,58745.0,2910.97,-2910.97,0,1,13.364,0.587484,-0.587484,0,1,29.2163,,,,,647.0,,,,,14.8347,0.008,-0.008,0,1,263.55,4.888,-4.888,0,1,3516.0,157.0,-157.0,0,1,4.7,0.01,-0.01,0,1,0.55,0.02,-0.02,0,1,2024/5/30 23:42,2024/8/22 10:08,101.480998,146.480998,18.681667422047635,-1.4400614711930353,322.2150430308703,342.0881253381191
6878,6879,7031.01,7031,284592989,284592989.0,1,PC,12h24m03.06s,186.012762,,,+42d41m02.85s,42.684124,,,28.865,0.053,-0.053,0.0,1.0,-8.367,0.058,-0.058,0.0,1.0,2460368.42,0.002484,-0.002484,0,1,1.7911016,0.0003034,-0.0003034,0,1,1.3192751,0.1881722,-0.1881722,0,1,12254.94398,1336.6227,-1336.6227,0,1,7.0726104,1.0872678,-1.0872678,0,1,114.7997816,,,,,834.843394,,,,,14.367,0.007,-0.007,0,1,295.802,4.8795,-4.8795,0,1,3718.0,157.0,-157.0,0,1,4.62057,0.0125886,-0.0125886,0,1,0.636647,0.0199952,-0.0199952,0,1,2024/5/30 23:43,2024/5/31 12:02,98.98723799999999,143.987238,17.145147945845093,-5.636667719295665,316.24595015629785,338.4476707509624
